ISO-10303-21;
HEADER;
/* Generated by software containing ST-Developer
 * from STEP Tools, Inc. (www.steptools.com) 
 */

FILE_DESCRIPTION(
/* description */ (''),
/* implementation_level */ '2;1');

FILE_NAME(
/* name */ 'EMOCD_Magazine_Cassette.step',
/* time_stamp */ '2026-07-23T17:22:56+05:30',
/* author */ (''),
/* organization */ (''),
/* preprocessor_version */ 'ST-DEVELOPER v20.1',
/* originating_system */ 'Autodesk Translation Framework v15.8.0.0',
/* authorisation */ '');

FILE_SCHEMA (('AUTOMOTIVE_DESIGN { 1 0 10303 214 3 1 1 }'));
ENDSEC;

DATA;
#10=MECHANICAL_DESIGN_GEOMETRIC_PRESENTATION_REPRESENTATION('',(#22,#23,
#24,#25,#26,#27,#28,#29,#30,#31,#32,#33,#34,#35,#36,#37,#38,#39,#40,#41,
#42,#43,#44),#3214);
#11=SHAPE_REPRESENTATION_RELATIONSHIP('SRR','None',#3221,#12);
#12=ADVANCED_BREP_SHAPE_REPRESENTATION('',(#45,#46,#47,#48,#49,#50,#51,
#52,#53,#54,#55,#56,#57,#58,#59,#60,#61,#62,#63,#64,#65,#66,#67),#3213);
#13=CIRCLE('',#2047,6.00000000000001);
#14=CIRCLE('',#2048,6.00000000000001);
#15=CIRCLE('',#2142,3.00000000000001);
#16=CIRCLE('',#2143,3.00000000000001);
#17=CIRCLE('',#2147,3.00000000000001);
#18=CIRCLE('',#2148,3.00000000000001);
#19=CYLINDRICAL_SURFACE('',#2046,6.00000000000001);
#20=CYLINDRICAL_SURFACE('',#2141,3.00000000000001);
#21=CYLINDRICAL_SURFACE('',#2146,3.00000000000001);
#22=STYLED_ITEM('',(#3231),#45);
#23=STYLED_ITEM('',(#3231),#46);
#24=STYLED_ITEM('',(#3231),#47);
#25=STYLED_ITEM('',(#3231),#48);
#26=STYLED_ITEM('',(#3231),#49);
#27=STYLED_ITEM('',(#3232),#50);
#28=STYLED_ITEM('',(#3233),#51);
#29=STYLED_ITEM('',(#3234),#52);
#30=STYLED_ITEM('',(#3234),#53);
#31=STYLED_ITEM('',(#3234),#54);
#32=STYLED_ITEM('',(#3234),#55);
#33=STYLED_ITEM('',(#3234),#56);
#34=STYLED_ITEM('',(#3235),#57);
#35=STYLED_ITEM('',(#3235),#58);
#36=STYLED_ITEM('',(#3234),#59);
#37=STYLED_ITEM('',(#3234),#60);
#38=STYLED_ITEM('',(#3234),#61);
#39=STYLED_ITEM('',(#3234),#62);
#40=STYLED_ITEM('',(#3234),#63);
#41=STYLED_ITEM('',(#3234),#64);
#42=STYLED_ITEM('',(#3236),#65);
#43=STYLED_ITEM('',(#3232),#66);
#44=STYLED_ITEM('',(#3232),#67);
#45=MANIFOLD_SOLID_BREP('cassette_wall',#1980);
#46=MANIFOLD_SOLID_BREP('cassette_end_aft',#1981);
#47=MANIFOLD_SOLID_BREP('cassette_end_fwd',#1982);
#48=MANIFOLD_SOLID_BREP('cassette_floor',#1983);
#49=MANIFOLD_SOLID_BREP('cassette_roof',#1984);
#50=MANIFOLD_SOLID_BREP('leadscrew',#1985);
#51=MANIFOLD_SOLID_BREP('follower_motor',#1986);
#52=MANIFOLD_SOLID_BREP('follower_plate',#1987);
#53=MANIFOLD_SOLID_BREP('follower_rib_70',#1988);
#54=MANIFOLD_SOLID_BREP('follower_rib_200',#1989);
#55=MANIFOLD_SOLID_BREP('follower_rib_330',#1990);
#56=MANIFOLD_SOLID_BREP('follower_nut_arm',#1991);
#57=MANIFOLD_SOLID_BREP('escapement_finger_70',#1992);
#58=MANIFOLD_SOLID_BREP('escapement_finger_300',#1993);
#59=MANIFOLD_SOLID_BREP('gate_rail_lower',#1994);
#60=MANIFOLD_SOLID_BREP('gate_rail_upper',#1995);
#61=MANIFOLD_SOLID_BREP('gate_stile_aft',#1996);
#62=MANIFOLD_SOLID_BREP('gate_stile_fwd',#1997);
#63=MANIFOLD_SOLID_BREP('gate_crossmember_233',#1998);
#64=MANIFOLD_SOLID_BREP('gate_crossmember_440',#1999);
#65=MANIFOLD_SOLID_BREP('sma_pin_puller',#2000);
#66=MANIFOLD_SOLID_BREP('gate_pin_D6_110',#2001);
#67=MANIFOLD_SOLID_BREP('gate_pin_D6_290',#2002);
#68=FACE_OUTER_BOUND('',#197,.T.);
#69=FACE_OUTER_BOUND('',#198,.T.);
#70=FACE_OUTER_BOUND('',#199,.T.);
#71=FACE_OUTER_BOUND('',#200,.T.);
#72=FACE_OUTER_BOUND('',#201,.T.);
#73=FACE_OUTER_BOUND('',#202,.T.);
#74=FACE_OUTER_BOUND('',#203,.T.);
#75=FACE_OUTER_BOUND('',#204,.T.);
#76=FACE_OUTER_BOUND('',#205,.T.);
#77=FACE_OUTER_BOUND('',#206,.T.);
#78=FACE_OUTER_BOUND('',#207,.T.);
#79=FACE_OUTER_BOUND('',#208,.T.);
#80=FACE_OUTER_BOUND('',#209,.T.);
#81=FACE_OUTER_BOUND('',#210,.T.);
#82=FACE_OUTER_BOUND('',#211,.T.);
#83=FACE_OUTER_BOUND('',#212,.T.);
#84=FACE_OUTER_BOUND('',#213,.T.);
#85=FACE_OUTER_BOUND('',#214,.T.);
#86=FACE_OUTER_BOUND('',#215,.T.);
#87=FACE_OUTER_BOUND('',#216,.T.);
#88=FACE_OUTER_BOUND('',#217,.T.);
#89=FACE_OUTER_BOUND('',#218,.T.);
#90=FACE_OUTER_BOUND('',#219,.T.);
#91=FACE_OUTER_BOUND('',#220,.T.);
#92=FACE_OUTER_BOUND('',#221,.T.);
#93=FACE_OUTER_BOUND('',#222,.T.);
#94=FACE_OUTER_BOUND('',#223,.T.);
#95=FACE_OUTER_BOUND('',#224,.T.);
#96=FACE_OUTER_BOUND('',#225,.T.);
#97=FACE_OUTER_BOUND('',#226,.T.);
#98=FACE_OUTER_BOUND('',#227,.T.);
#99=FACE_OUTER_BOUND('',#228,.T.);
#100=FACE_OUTER_BOUND('',#229,.T.);
#101=FACE_OUTER_BOUND('',#230,.T.);
#102=FACE_OUTER_BOUND('',#231,.T.);
#103=FACE_OUTER_BOUND('',#232,.T.);
#104=FACE_OUTER_BOUND('',#233,.T.);
#105=FACE_OUTER_BOUND('',#234,.T.);
#106=FACE_OUTER_BOUND('',#235,.T.);
#107=FACE_OUTER_BOUND('',#236,.T.);
#108=FACE_OUTER_BOUND('',#237,.T.);
#109=FACE_OUTER_BOUND('',#238,.T.);
#110=FACE_OUTER_BOUND('',#239,.T.);
#111=FACE_OUTER_BOUND('',#240,.T.);
#112=FACE_OUTER_BOUND('',#241,.T.);
#113=FACE_OUTER_BOUND('',#242,.T.);
#114=FACE_OUTER_BOUND('',#243,.T.);
#115=FACE_OUTER_BOUND('',#244,.T.);
#116=FACE_OUTER_BOUND('',#245,.T.);
#117=FACE_OUTER_BOUND('',#246,.T.);
#118=FACE_OUTER_BOUND('',#247,.T.);
#119=FACE_OUTER_BOUND('',#248,.T.);
#120=FACE_OUTER_BOUND('',#249,.T.);
#121=FACE_OUTER_BOUND('',#250,.T.);
#122=FACE_OUTER_BOUND('',#251,.T.);
#123=FACE_OUTER_BOUND('',#252,.T.);
#124=FACE_OUTER_BOUND('',#253,.T.);
#125=FACE_OUTER_BOUND('',#254,.T.);
#126=FACE_OUTER_BOUND('',#255,.T.);
#127=FACE_OUTER_BOUND('',#256,.T.);
#128=FACE_OUTER_BOUND('',#257,.T.);
#129=FACE_OUTER_BOUND('',#258,.T.);
#130=FACE_OUTER_BOUND('',#259,.T.);
#131=FACE_OUTER_BOUND('',#260,.T.);
#132=FACE_OUTER_BOUND('',#261,.T.);
#133=FACE_OUTER_BOUND('',#262,.T.);
#134=FACE_OUTER_BOUND('',#263,.T.);
#135=FACE_OUTER_BOUND('',#264,.T.);
#136=FACE_OUTER_BOUND('',#265,.T.);
#137=FACE_OUTER_BOUND('',#266,.T.);
#138=FACE_OUTER_BOUND('',#267,.T.);
#139=FACE_OUTER_BOUND('',#268,.T.);
#140=FACE_OUTER_BOUND('',#269,.T.);
#141=FACE_OUTER_BOUND('',#270,.T.);
#142=FACE_OUTER_BOUND('',#271,.T.);
#143=FACE_OUTER_BOUND('',#272,.T.);
#144=FACE_OUTER_BOUND('',#273,.T.);
#145=FACE_OUTER_BOUND('',#274,.T.);
#146=FACE_OUTER_BOUND('',#275,.T.);
#147=FACE_OUTER_BOUND('',#276,.T.);
#148=FACE_OUTER_BOUND('',#277,.T.);
#149=FACE_OUTER_BOUND('',#278,.T.);
#150=FACE_OUTER_BOUND('',#279,.T.);
#151=FACE_OUTER_BOUND('',#280,.T.);
#152=FACE_OUTER_BOUND('',#281,.T.);
#153=FACE_OUTER_BOUND('',#282,.T.);
#154=FACE_OUTER_BOUND('',#283,.T.);
#155=FACE_OUTER_BOUND('',#284,.T.);
#156=FACE_OUTER_BOUND('',#285,.T.);
#157=FACE_OUTER_BOUND('',#286,.T.);
#158=FACE_OUTER_BOUND('',#287,.T.);
#159=FACE_OUTER_BOUND('',#288,.T.);
#160=FACE_OUTER_BOUND('',#289,.T.);
#161=FACE_OUTER_BOUND('',#290,.T.);
#162=FACE_OUTER_BOUND('',#291,.T.);
#163=FACE_OUTER_BOUND('',#292,.T.);
#164=FACE_OUTER_BOUND('',#293,.T.);
#165=FACE_OUTER_BOUND('',#294,.T.);
#166=FACE_OUTER_BOUND('',#295,.T.);
#167=FACE_OUTER_BOUND('',#296,.T.);
#168=FACE_OUTER_BOUND('',#297,.T.);
#169=FACE_OUTER_BOUND('',#298,.T.);
#170=FACE_OUTER_BOUND('',#299,.T.);
#171=FACE_OUTER_BOUND('',#300,.T.);
#172=FACE_OUTER_BOUND('',#301,.T.);
#173=FACE_OUTER_BOUND('',#302,.T.);
#174=FACE_OUTER_BOUND('',#303,.T.);
#175=FACE_OUTER_BOUND('',#304,.T.);
#176=FACE_OUTER_BOUND('',#305,.T.);
#177=FACE_OUTER_BOUND('',#306,.T.);
#178=FACE_OUTER_BOUND('',#307,.T.);
#179=FACE_OUTER_BOUND('',#308,.T.);
#180=FACE_OUTER_BOUND('',#309,.T.);
#181=FACE_OUTER_BOUND('',#310,.T.);
#182=FACE_OUTER_BOUND('',#311,.T.);
#183=FACE_OUTER_BOUND('',#312,.T.);
#184=FACE_OUTER_BOUND('',#313,.T.);
#185=FACE_OUTER_BOUND('',#314,.T.);
#186=FACE_OUTER_BOUND('',#315,.T.);
#187=FACE_OUTER_BOUND('',#316,.T.);
#188=FACE_OUTER_BOUND('',#317,.T.);
#189=FACE_OUTER_BOUND('',#318,.T.);
#190=FACE_OUTER_BOUND('',#319,.T.);
#191=FACE_OUTER_BOUND('',#320,.T.);
#192=FACE_OUTER_BOUND('',#321,.T.);
#193=FACE_OUTER_BOUND('',#322,.T.);
#194=FACE_OUTER_BOUND('',#323,.T.);
#195=FACE_OUTER_BOUND('',#324,.T.);
#196=FACE_OUTER_BOUND('',#325,.T.);
#197=EDGE_LOOP('',(#1227,#1228,#1229,#1230));
#198=EDGE_LOOP('',(#1231,#1232,#1233,#1234));
#199=EDGE_LOOP('',(#1235,#1236,#1237,#1238));
#200=EDGE_LOOP('',(#1239,#1240,#1241,#1242));
#201=EDGE_LOOP('',(#1243,#1244,#1245,#1246));
#202=EDGE_LOOP('',(#1247,#1248,#1249,#1250));
#203=EDGE_LOOP('',(#1251,#1252,#1253,#1254));
#204=EDGE_LOOP('',(#1255,#1256,#1257,#1258));
#205=EDGE_LOOP('',(#1259,#1260,#1261,#1262));
#206=EDGE_LOOP('',(#1263,#1264,#1265,#1266));
#207=EDGE_LOOP('',(#1267,#1268,#1269,#1270));
#208=EDGE_LOOP('',(#1271,#1272,#1273,#1274));
#209=EDGE_LOOP('',(#1275,#1276,#1277,#1278));
#210=EDGE_LOOP('',(#1279,#1280,#1281,#1282));
#211=EDGE_LOOP('',(#1283,#1284,#1285,#1286));
#212=EDGE_LOOP('',(#1287,#1288,#1289,#1290));
#213=EDGE_LOOP('',(#1291,#1292,#1293,#1294));
#214=EDGE_LOOP('',(#1295,#1296,#1297,#1298));
#215=EDGE_LOOP('',(#1299,#1300,#1301,#1302));
#216=EDGE_LOOP('',(#1303,#1304,#1305,#1306));
#217=EDGE_LOOP('',(#1307,#1308,#1309,#1310));
#218=EDGE_LOOP('',(#1311,#1312,#1313,#1314));
#219=EDGE_LOOP('',(#1315,#1316,#1317,#1318));
#220=EDGE_LOOP('',(#1319,#1320,#1321,#1322));
#221=EDGE_LOOP('',(#1323,#1324,#1325,#1326));
#222=EDGE_LOOP('',(#1327,#1328,#1329,#1330));
#223=EDGE_LOOP('',(#1331,#1332,#1333,#1334));
#224=EDGE_LOOP('',(#1335,#1336,#1337,#1338));
#225=EDGE_LOOP('',(#1339,#1340,#1341,#1342));
#226=EDGE_LOOP('',(#1343,#1344,#1345,#1346));
#227=EDGE_LOOP('',(#1347,#1348,#1349,#1350));
#228=EDGE_LOOP('',(#1351));
#229=EDGE_LOOP('',(#1352));
#230=EDGE_LOOP('',(#1353,#1354,#1355,#1356));
#231=EDGE_LOOP('',(#1357,#1358,#1359,#1360));
#232=EDGE_LOOP('',(#1361,#1362,#1363,#1364));
#233=EDGE_LOOP('',(#1365,#1366,#1367,#1368));
#234=EDGE_LOOP('',(#1369,#1370,#1371,#1372));
#235=EDGE_LOOP('',(#1373,#1374,#1375,#1376));
#236=EDGE_LOOP('',(#1377,#1378,#1379,#1380));
#237=EDGE_LOOP('',(#1381,#1382,#1383,#1384));
#238=EDGE_LOOP('',(#1385,#1386,#1387,#1388));
#239=EDGE_LOOP('',(#1389,#1390,#1391,#1392));
#240=EDGE_LOOP('',(#1393,#1394,#1395,#1396));
#241=EDGE_LOOP('',(#1397,#1398,#1399,#1400));
#242=EDGE_LOOP('',(#1401,#1402,#1403,#1404));
#243=EDGE_LOOP('',(#1405,#1406,#1407,#1408));
#244=EDGE_LOOP('',(#1409,#1410,#1411,#1412));
#245=EDGE_LOOP('',(#1413,#1414,#1415,#1416));
#246=EDGE_LOOP('',(#1417,#1418,#1419,#1420));
#247=EDGE_LOOP('',(#1421,#1422,#1423,#1424));
#248=EDGE_LOOP('',(#1425,#1426,#1427,#1428));
#249=EDGE_LOOP('',(#1429,#1430,#1431,#1432));
#250=EDGE_LOOP('',(#1433,#1434,#1435,#1436));
#251=EDGE_LOOP('',(#1437,#1438,#1439,#1440));
#252=EDGE_LOOP('',(#1441,#1442,#1443,#1444));
#253=EDGE_LOOP('',(#1445,#1446,#1447,#1448));
#254=EDGE_LOOP('',(#1449,#1450,#1451,#1452));
#255=EDGE_LOOP('',(#1453,#1454,#1455,#1456));
#256=EDGE_LOOP('',(#1457,#1458,#1459,#1460));
#257=EDGE_LOOP('',(#1461,#1462,#1463,#1464));
#258=EDGE_LOOP('',(#1465,#1466,#1467,#1468));
#259=EDGE_LOOP('',(#1469,#1470,#1471,#1472));
#260=EDGE_LOOP('',(#1473,#1474,#1475,#1476));
#261=EDGE_LOOP('',(#1477,#1478,#1479,#1480));
#262=EDGE_LOOP('',(#1481,#1482,#1483,#1484));
#263=EDGE_LOOP('',(#1485,#1486,#1487,#1488));
#264=EDGE_LOOP('',(#1489,#1490,#1491,#1492));
#265=EDGE_LOOP('',(#1493,#1494,#1495,#1496));
#266=EDGE_LOOP('',(#1497,#1498,#1499,#1500));
#267=EDGE_LOOP('',(#1501,#1502,#1503,#1504));
#268=EDGE_LOOP('',(#1505,#1506,#1507,#1508));
#269=EDGE_LOOP('',(#1509,#1510,#1511,#1512));
#270=EDGE_LOOP('',(#1513,#1514,#1515,#1516));
#271=EDGE_LOOP('',(#1517,#1518,#1519,#1520));
#272=EDGE_LOOP('',(#1521,#1522,#1523,#1524));
#273=EDGE_LOOP('',(#1525,#1526,#1527,#1528));
#274=EDGE_LOOP('',(#1529,#1530,#1531,#1532));
#275=EDGE_LOOP('',(#1533,#1534,#1535,#1536));
#276=EDGE_LOOP('',(#1537,#1538,#1539,#1540));
#277=EDGE_LOOP('',(#1541,#1542,#1543,#1544));
#278=EDGE_LOOP('',(#1545,#1546,#1547,#1548));
#279=EDGE_LOOP('',(#1549,#1550,#1551,#1552));
#280=EDGE_LOOP('',(#1553,#1554,#1555,#1556));
#281=EDGE_LOOP('',(#1557,#1558,#1559,#1560));
#282=EDGE_LOOP('',(#1561,#1562,#1563,#1564));
#283=EDGE_LOOP('',(#1565,#1566,#1567,#1568));
#284=EDGE_LOOP('',(#1569,#1570,#1571,#1572));
#285=EDGE_LOOP('',(#1573,#1574,#1575,#1576));
#286=EDGE_LOOP('',(#1577,#1578,#1579,#1580));
#287=EDGE_LOOP('',(#1581,#1582,#1583,#1584));
#288=EDGE_LOOP('',(#1585,#1586,#1587,#1588));
#289=EDGE_LOOP('',(#1589,#1590,#1591,#1592));
#290=EDGE_LOOP('',(#1593,#1594,#1595,#1596));
#291=EDGE_LOOP('',(#1597,#1598,#1599,#1600));
#292=EDGE_LOOP('',(#1601,#1602,#1603,#1604));
#293=EDGE_LOOP('',(#1605,#1606,#1607,#1608));
#294=EDGE_LOOP('',(#1609,#1610,#1611,#1612));
#295=EDGE_LOOP('',(#1613,#1614,#1615,#1616));
#296=EDGE_LOOP('',(#1617,#1618,#1619,#1620));
#297=EDGE_LOOP('',(#1621,#1622,#1623,#1624));
#298=EDGE_LOOP('',(#1625,#1626,#1627,#1628));
#299=EDGE_LOOP('',(#1629,#1630,#1631,#1632));
#300=EDGE_LOOP('',(#1633,#1634,#1635,#1636));
#301=EDGE_LOOP('',(#1637,#1638,#1639,#1640));
#302=EDGE_LOOP('',(#1641,#1642,#1643,#1644));
#303=EDGE_LOOP('',(#1645,#1646,#1647,#1648));
#304=EDGE_LOOP('',(#1649,#1650,#1651,#1652));
#305=EDGE_LOOP('',(#1653,#1654,#1655,#1656));
#306=EDGE_LOOP('',(#1657,#1658,#1659,#1660));
#307=EDGE_LOOP('',(#1661,#1662,#1663,#1664));
#308=EDGE_LOOP('',(#1665,#1666,#1667,#1668));
#309=EDGE_LOOP('',(#1669,#1670,#1671,#1672));
#310=EDGE_LOOP('',(#1673,#1674,#1675,#1676));
#311=EDGE_LOOP('',(#1677,#1678,#1679,#1680));
#312=EDGE_LOOP('',(#1681,#1682,#1683,#1684));
#313=EDGE_LOOP('',(#1685,#1686,#1687,#1688));
#314=EDGE_LOOP('',(#1689,#1690,#1691,#1692));
#315=EDGE_LOOP('',(#1693,#1694,#1695,#1696));
#316=EDGE_LOOP('',(#1697,#1698,#1699,#1700));
#317=EDGE_LOOP('',(#1701,#1702,#1703,#1704));
#318=EDGE_LOOP('',(#1705,#1706,#1707,#1708));
#319=EDGE_LOOP('',(#1709,#1710,#1711,#1712));
#320=EDGE_LOOP('',(#1713,#1714,#1715,#1716));
#321=EDGE_LOOP('',(#1717));
#322=EDGE_LOOP('',(#1718));
#323=EDGE_LOOP('',(#1719,#1720,#1721,#1722));
#324=EDGE_LOOP('',(#1723));
#325=EDGE_LOOP('',(#1724));
#326=LINE('',#2670,#569);
#327=LINE('',#2672,#570);
#328=LINE('',#2674,#571);
#329=LINE('',#2675,#572);
#330=LINE('',#2678,#573);
#331=LINE('',#2680,#574);
#332=LINE('',#2681,#575);
#333=LINE('',#2684,#576);
#334=LINE('',#2686,#577);
#335=LINE('',#2687,#578);
#336=LINE('',#2689,#579);
#337=LINE('',#2690,#580);
#338=LINE('',#2696,#581);
#339=LINE('',#2698,#582);
#340=LINE('',#2700,#583);
#341=LINE('',#2701,#584);
#342=LINE('',#2704,#585);
#343=LINE('',#2706,#586);
#344=LINE('',#2707,#587);
#345=LINE('',#2710,#588);
#346=LINE('',#2712,#589);
#347=LINE('',#2713,#590);
#348=LINE('',#2715,#591);
#349=LINE('',#2716,#592);
#350=LINE('',#2722,#593);
#351=LINE('',#2724,#594);
#352=LINE('',#2726,#595);
#353=LINE('',#2727,#596);
#354=LINE('',#2730,#597);
#355=LINE('',#2732,#598);
#356=LINE('',#2733,#599);
#357=LINE('',#2736,#600);
#358=LINE('',#2738,#601);
#359=LINE('',#2739,#602);
#360=LINE('',#2741,#603);
#361=LINE('',#2742,#604);
#362=LINE('',#2748,#605);
#363=LINE('',#2750,#606);
#364=LINE('',#2752,#607);
#365=LINE('',#2753,#608);
#366=LINE('',#2756,#609);
#367=LINE('',#2758,#610);
#368=LINE('',#2759,#611);
#369=LINE('',#2762,#612);
#370=LINE('',#2764,#613);
#371=LINE('',#2765,#614);
#372=LINE('',#2767,#615);
#373=LINE('',#2768,#616);
#374=LINE('',#2774,#617);
#375=LINE('',#2776,#618);
#376=LINE('',#2778,#619);
#377=LINE('',#2779,#620);
#378=LINE('',#2782,#621);
#379=LINE('',#2784,#622);
#380=LINE('',#2785,#623);
#381=LINE('',#2788,#624);
#382=LINE('',#2790,#625);
#383=LINE('',#2791,#626);
#384=LINE('',#2793,#627);
#385=LINE('',#2794,#628);
#386=LINE('',#2801,#629);
#387=LINE('',#2808,#630);
#388=LINE('',#2810,#631);
#389=LINE('',#2812,#632);
#390=LINE('',#2813,#633);
#391=LINE('',#2816,#634);
#392=LINE('',#2818,#635);
#393=LINE('',#2819,#636);
#394=LINE('',#2822,#637);
#395=LINE('',#2824,#638);
#396=LINE('',#2825,#639);
#397=LINE('',#2827,#640);
#398=LINE('',#2828,#641);
#399=LINE('',#2834,#642);
#400=LINE('',#2836,#643);
#401=LINE('',#2838,#644);
#402=LINE('',#2839,#645);
#403=LINE('',#2842,#646);
#404=LINE('',#2844,#647);
#405=LINE('',#2845,#648);
#406=LINE('',#2848,#649);
#407=LINE('',#2850,#650);
#408=LINE('',#2851,#651);
#409=LINE('',#2853,#652);
#410=LINE('',#2854,#653);
#411=LINE('',#2860,#654);
#412=LINE('',#2862,#655);
#413=LINE('',#2864,#656);
#414=LINE('',#2865,#657);
#415=LINE('',#2868,#658);
#416=LINE('',#2870,#659);
#417=LINE('',#2871,#660);
#418=LINE('',#2874,#661);
#419=LINE('',#2876,#662);
#420=LINE('',#2877,#663);
#421=LINE('',#2879,#664);
#422=LINE('',#2880,#665);
#423=LINE('',#2886,#666);
#424=LINE('',#2888,#667);
#425=LINE('',#2890,#668);
#426=LINE('',#2891,#669);
#427=LINE('',#2894,#670);
#428=LINE('',#2896,#671);
#429=LINE('',#2897,#672);
#430=LINE('',#2900,#673);
#431=LINE('',#2902,#674);
#432=LINE('',#2903,#675);
#433=LINE('',#2905,#676);
#434=LINE('',#2906,#677);
#435=LINE('',#2912,#678);
#436=LINE('',#2914,#679);
#437=LINE('',#2916,#680);
#438=LINE('',#2917,#681);
#439=LINE('',#2920,#682);
#440=LINE('',#2922,#683);
#441=LINE('',#2923,#684);
#442=LINE('',#2926,#685);
#443=LINE('',#2928,#686);
#444=LINE('',#2929,#687);
#445=LINE('',#2931,#688);
#446=LINE('',#2932,#689);
#447=LINE('',#2938,#690);
#448=LINE('',#2940,#691);
#449=LINE('',#2942,#692);
#450=LINE('',#2943,#693);
#451=LINE('',#2946,#694);
#452=LINE('',#2948,#695);
#453=LINE('',#2949,#696);
#454=LINE('',#2952,#697);
#455=LINE('',#2954,#698);
#456=LINE('',#2955,#699);
#457=LINE('',#2957,#700);
#458=LINE('',#2958,#701);
#459=LINE('',#2964,#702);
#460=LINE('',#2966,#703);
#461=LINE('',#2968,#704);
#462=LINE('',#2969,#705);
#463=LINE('',#2972,#706);
#464=LINE('',#2974,#707);
#465=LINE('',#2975,#708);
#466=LINE('',#2978,#709);
#467=LINE('',#2980,#710);
#468=LINE('',#2981,#711);
#469=LINE('',#2983,#712);
#470=LINE('',#2984,#713);
#471=LINE('',#2990,#714);
#472=LINE('',#2992,#715);
#473=LINE('',#2994,#716);
#474=LINE('',#2995,#717);
#475=LINE('',#2998,#718);
#476=LINE('',#3000,#719);
#477=LINE('',#3001,#720);
#478=LINE('',#3004,#721);
#479=LINE('',#3006,#722);
#480=LINE('',#3007,#723);
#481=LINE('',#3009,#724);
#482=LINE('',#3010,#725);
#483=LINE('',#3016,#726);
#484=LINE('',#3018,#727);
#485=LINE('',#3020,#728);
#486=LINE('',#3021,#729);
#487=LINE('',#3024,#730);
#488=LINE('',#3026,#731);
#489=LINE('',#3027,#732);
#490=LINE('',#3030,#733);
#491=LINE('',#3032,#734);
#492=LINE('',#3033,#735);
#493=LINE('',#3035,#736);
#494=LINE('',#3036,#737);
#495=LINE('',#3042,#738);
#496=LINE('',#3044,#739);
#497=LINE('',#3046,#740);
#498=LINE('',#3047,#741);
#499=LINE('',#3050,#742);
#500=LINE('',#3052,#743);
#501=LINE('',#3053,#744);
#502=LINE('',#3056,#745);
#503=LINE('',#3058,#746);
#504=LINE('',#3059,#747);
#505=LINE('',#3061,#748);
#506=LINE('',#3062,#749);
#507=LINE('',#3068,#750);
#508=LINE('',#3070,#751);
#509=LINE('',#3072,#752);
#510=LINE('',#3073,#753);
#511=LINE('',#3076,#754);
#512=LINE('',#3078,#755);
#513=LINE('',#3079,#756);
#514=LINE('',#3082,#757);
#515=LINE('',#3084,#758);
#516=LINE('',#3085,#759);
#517=LINE('',#3087,#760);
#518=LINE('',#3088,#761);
#519=LINE('',#3094,#762);
#520=LINE('',#3096,#763);
#521=LINE('',#3098,#764);
#522=LINE('',#3099,#765);
#523=LINE('',#3102,#766);
#524=LINE('',#3104,#767);
#525=LINE('',#3105,#768);
#526=LINE('',#3108,#769);
#527=LINE('',#3110,#770);
#528=LINE('',#3111,#771);
#529=LINE('',#3113,#772);
#530=LINE('',#3114,#773);
#531=LINE('',#3120,#774);
#532=LINE('',#3122,#775);
#533=LINE('',#3124,#776);
#534=LINE('',#3125,#777);
#535=LINE('',#3128,#778);
#536=LINE('',#3130,#779);
#537=LINE('',#3131,#780);
#538=LINE('',#3134,#781);
#539=LINE('',#3136,#782);
#540=LINE('',#3137,#783);
#541=LINE('',#3139,#784);
#542=LINE('',#3140,#785);
#543=LINE('',#3146,#786);
#544=LINE('',#3148,#787);
#545=LINE('',#3150,#788);
#546=LINE('',#3151,#789);
#547=LINE('',#3154,#790);
#548=LINE('',#3156,#791);
#549=LINE('',#3157,#792);
#550=LINE('',#3160,#793);
#551=LINE('',#3162,#794);
#552=LINE('',#3163,#795);
#553=LINE('',#3165,#796);
#554=LINE('',#3166,#797);
#555=LINE('',#3172,#798);
#556=LINE('',#3174,#799);
#557=LINE('',#3176,#800);
#558=LINE('',#3177,#801);
#559=LINE('',#3180,#802);
#560=LINE('',#3182,#803);
#561=LINE('',#3183,#804);
#562=LINE('',#3186,#805);
#563=LINE('',#3188,#806);
#564=LINE('',#3189,#807);
#565=LINE('',#3191,#808);
#566=LINE('',#3192,#809);
#567=LINE('',#3199,#810);
#568=LINE('',#3207,#811);
#569=VECTOR('',#2155,10.);
#570=VECTOR('',#2156,10.);
#571=VECTOR('',#2157,10.);
#572=VECTOR('',#2158,10.);
#573=VECTOR('',#2161,10.);
#574=VECTOR('',#2162,10.);
#575=VECTOR('',#2163,10.);
#576=VECTOR('',#2166,10.);
#577=VECTOR('',#2167,10.);
#578=VECTOR('',#2168,10.);
#579=VECTOR('',#2171,10.);
#580=VECTOR('',#2172,10.);
#581=VECTOR('',#2179,10.);
#582=VECTOR('',#2180,10.);
#583=VECTOR('',#2181,10.);
#584=VECTOR('',#2182,10.);
#585=VECTOR('',#2185,10.);
#586=VECTOR('',#2186,10.);
#587=VECTOR('',#2187,10.);
#588=VECTOR('',#2190,10.);
#589=VECTOR('',#2191,10.);
#590=VECTOR('',#2192,10.);
#591=VECTOR('',#2195,10.);
#592=VECTOR('',#2196,10.);
#593=VECTOR('',#2203,10.);
#594=VECTOR('',#2204,10.);
#595=VECTOR('',#2205,10.);
#596=VECTOR('',#2206,10.);
#597=VECTOR('',#2209,10.);
#598=VECTOR('',#2210,10.);
#599=VECTOR('',#2211,10.);
#600=VECTOR('',#2214,10.);
#601=VECTOR('',#2215,10.);
#602=VECTOR('',#2216,10.);
#603=VECTOR('',#2219,10.);
#604=VECTOR('',#2220,10.);
#605=VECTOR('',#2227,10.);
#606=VECTOR('',#2228,10.);
#607=VECTOR('',#2229,10.);
#608=VECTOR('',#2230,10.);
#609=VECTOR('',#2233,10.);
#610=VECTOR('',#2234,10.);
#611=VECTOR('',#2235,10.);
#612=VECTOR('',#2238,10.);
#613=VECTOR('',#2239,10.);
#614=VECTOR('',#2240,10.);
#615=VECTOR('',#2243,10.);
#616=VECTOR('',#2244,10.);
#617=VECTOR('',#2251,10.);
#618=VECTOR('',#2252,10.);
#619=VECTOR('',#2253,10.);
#620=VECTOR('',#2254,10.);
#621=VECTOR('',#2257,10.);
#622=VECTOR('',#2258,10.);
#623=VECTOR('',#2259,10.);
#624=VECTOR('',#2262,10.);
#625=VECTOR('',#2263,10.);
#626=VECTOR('',#2264,10.);
#627=VECTOR('',#2267,10.);
#628=VECTOR('',#2268,10.);
#629=VECTOR('',#2277,6.00000000000001);
#630=VECTOR('',#2286,10.);
#631=VECTOR('',#2287,10.);
#632=VECTOR('',#2288,10.);
#633=VECTOR('',#2289,10.);
#634=VECTOR('',#2292,10.);
#635=VECTOR('',#2293,10.);
#636=VECTOR('',#2294,10.);
#637=VECTOR('',#2297,10.);
#638=VECTOR('',#2298,10.);
#639=VECTOR('',#2299,10.);
#640=VECTOR('',#2302,10.);
#641=VECTOR('',#2303,10.);
#642=VECTOR('',#2310,10.);
#643=VECTOR('',#2311,10.);
#644=VECTOR('',#2312,10.);
#645=VECTOR('',#2313,10.);
#646=VECTOR('',#2316,10.);
#647=VECTOR('',#2317,10.);
#648=VECTOR('',#2318,10.);
#649=VECTOR('',#2321,10.);
#650=VECTOR('',#2322,10.);
#651=VECTOR('',#2323,10.);
#652=VECTOR('',#2326,10.);
#653=VECTOR('',#2327,10.);
#654=VECTOR('',#2334,10.);
#655=VECTOR('',#2335,10.);
#656=VECTOR('',#2336,10.);
#657=VECTOR('',#2337,10.);
#658=VECTOR('',#2340,10.);
#659=VECTOR('',#2341,10.);
#660=VECTOR('',#2342,10.);
#661=VECTOR('',#2345,10.);
#662=VECTOR('',#2346,10.);
#663=VECTOR('',#2347,10.);
#664=VECTOR('',#2350,10.);
#665=VECTOR('',#2351,10.);
#666=VECTOR('',#2358,10.);
#667=VECTOR('',#2359,10.);
#668=VECTOR('',#2360,10.);
#669=VECTOR('',#2361,10.);
#670=VECTOR('',#2364,10.);
#671=VECTOR('',#2365,10.);
#672=VECTOR('',#2366,10.);
#673=VECTOR('',#2369,10.);
#674=VECTOR('',#2370,10.);
#675=VECTOR('',#2371,10.);
#676=VECTOR('',#2374,10.);
#677=VECTOR('',#2375,10.);
#678=VECTOR('',#2382,10.);
#679=VECTOR('',#2383,10.);
#680=VECTOR('',#2384,10.);
#681=VECTOR('',#2385,10.);
#682=VECTOR('',#2388,10.);
#683=VECTOR('',#2389,10.);
#684=VECTOR('',#2390,10.);
#685=VECTOR('',#2393,10.);
#686=VECTOR('',#2394,10.);
#687=VECTOR('',#2395,10.);
#688=VECTOR('',#2398,10.);
#689=VECTOR('',#2399,10.);
#690=VECTOR('',#2406,10.);
#691=VECTOR('',#2407,10.);
#692=VECTOR('',#2408,10.);
#693=VECTOR('',#2409,10.);
#694=VECTOR('',#2412,10.);
#695=VECTOR('',#2413,10.);
#696=VECTOR('',#2414,10.);
#697=VECTOR('',#2417,10.);
#698=VECTOR('',#2418,10.);
#699=VECTOR('',#2419,10.);
#700=VECTOR('',#2422,10.);
#701=VECTOR('',#2423,10.);
#702=VECTOR('',#2430,10.);
#703=VECTOR('',#2431,10.);
#704=VECTOR('',#2432,10.);
#705=VECTOR('',#2433,10.);
#706=VECTOR('',#2436,10.);
#707=VECTOR('',#2437,10.);
#708=VECTOR('',#2438,10.);
#709=VECTOR('',#2441,10.);
#710=VECTOR('',#2442,10.);
#711=VECTOR('',#2443,10.);
#712=VECTOR('',#2446,10.);
#713=VECTOR('',#2447,10.);
#714=VECTOR('',#2454,10.);
#715=VECTOR('',#2455,10.);
#716=VECTOR('',#2456,10.);
#717=VECTOR('',#2457,10.);
#718=VECTOR('',#2460,10.);
#719=VECTOR('',#2461,10.);
#720=VECTOR('',#2462,10.);
#721=VECTOR('',#2465,10.);
#722=VECTOR('',#2466,10.);
#723=VECTOR('',#2467,10.);
#724=VECTOR('',#2470,10.);
#725=VECTOR('',#2471,10.);
#726=VECTOR('',#2478,10.);
#727=VECTOR('',#2479,10.);
#728=VECTOR('',#2480,10.);
#729=VECTOR('',#2481,10.);
#730=VECTOR('',#2484,10.);
#731=VECTOR('',#2485,10.);
#732=VECTOR('',#2486,10.);
#733=VECTOR('',#2489,10.);
#734=VECTOR('',#2490,10.);
#735=VECTOR('',#2491,10.);
#736=VECTOR('',#2494,10.);
#737=VECTOR('',#2495,10.);
#738=VECTOR('',#2502,10.);
#739=VECTOR('',#2503,10.);
#740=VECTOR('',#2504,10.);
#741=VECTOR('',#2505,10.);
#742=VECTOR('',#2508,10.);
#743=VECTOR('',#2509,10.);
#744=VECTOR('',#2510,10.);
#745=VECTOR('',#2513,10.);
#746=VECTOR('',#2514,10.);
#747=VECTOR('',#2515,10.);
#748=VECTOR('',#2518,10.);
#749=VECTOR('',#2519,10.);
#750=VECTOR('',#2526,10.);
#751=VECTOR('',#2527,10.);
#752=VECTOR('',#2528,10.);
#753=VECTOR('',#2529,10.);
#754=VECTOR('',#2532,10.);
#755=VECTOR('',#2533,10.);
#756=VECTOR('',#2534,10.);
#757=VECTOR('',#2537,10.);
#758=VECTOR('',#2538,10.);
#759=VECTOR('',#2539,10.);
#760=VECTOR('',#2542,10.);
#761=VECTOR('',#2543,10.);
#762=VECTOR('',#2550,10.);
#763=VECTOR('',#2551,10.);
#764=VECTOR('',#2552,10.);
#765=VECTOR('',#2553,10.);
#766=VECTOR('',#2556,10.);
#767=VECTOR('',#2557,10.);
#768=VECTOR('',#2558,10.);
#769=VECTOR('',#2561,10.);
#770=VECTOR('',#2562,10.);
#771=VECTOR('',#2563,10.);
#772=VECTOR('',#2566,10.);
#773=VECTOR('',#2567,10.);
#774=VECTOR('',#2574,10.);
#775=VECTOR('',#2575,10.);
#776=VECTOR('',#2576,10.);
#777=VECTOR('',#2577,10.);
#778=VECTOR('',#2580,10.);
#779=VECTOR('',#2581,10.);
#780=VECTOR('',#2582,10.);
#781=VECTOR('',#2585,10.);
#782=VECTOR('',#2586,10.);
#783=VECTOR('',#2587,10.);
#784=VECTOR('',#2590,10.);
#785=VECTOR('',#2591,10.);
#786=VECTOR('',#2598,10.);
#787=VECTOR('',#2599,10.);
#788=VECTOR('',#2600,10.);
#789=VECTOR('',#2601,10.);
#790=VECTOR('',#2604,10.);
#791=VECTOR('',#2605,10.);
#792=VECTOR('',#2606,10.);
#793=VECTOR('',#2609,10.);
#794=VECTOR('',#2610,10.);
#795=VECTOR('',#2611,10.);
#796=VECTOR('',#2614,10.);
#797=VECTOR('',#2615,10.);
#798=VECTOR('',#2622,10.);
#799=VECTOR('',#2623,10.);
#800=VECTOR('',#2624,10.);
#801=VECTOR('',#2625,10.);
#802=VECTOR('',#2628,10.);
#803=VECTOR('',#2629,10.);
#804=VECTOR('',#2630,10.);
#805=VECTOR('',#2633,10.);
#806=VECTOR('',#2634,10.);
#807=VECTOR('',#2635,10.);
#808=VECTOR('',#2638,10.);
#809=VECTOR('',#2639,10.);
#810=VECTOR('',#2648,3.00000000000001);
#811=VECTOR('',#2659,3.00000000000001);
#812=VERTEX_POINT('',#2668);
#813=VERTEX_POINT('',#2669);
#814=VERTEX_POINT('',#2671);
#815=VERTEX_POINT('',#2673);
#816=VERTEX_POINT('',#2677);
#817=VERTEX_POINT('',#2679);
#818=VERTEX_POINT('',#2683);
#819=VERTEX_POINT('',#2685);
#820=VERTEX_POINT('',#2694);
#821=VERTEX_POINT('',#2695);
#822=VERTEX_POINT('',#2697);
#823=VERTEX_POINT('',#2699);
#824=VERTEX_POINT('',#2703);
#825=VERTEX_POINT('',#2705);
#826=VERTEX_POINT('',#2709);
#827=VERTEX_POINT('',#2711);
#828=VERTEX_POINT('',#2720);
#829=VERTEX_POINT('',#2721);
#830=VERTEX_POINT('',#2723);
#831=VERTEX_POINT('',#2725);
#832=VERTEX_POINT('',#2729);
#833=VERTEX_POINT('',#2731);
#834=VERTEX_POINT('',#2735);
#835=VERTEX_POINT('',#2737);
#836=VERTEX_POINT('',#2746);
#837=VERTEX_POINT('',#2747);
#838=VERTEX_POINT('',#2749);
#839=VERTEX_POINT('',#2751);
#840=VERTEX_POINT('',#2755);
#841=VERTEX_POINT('',#2757);
#842=VERTEX_POINT('',#2761);
#843=VERTEX_POINT('',#2763);
#844=VERTEX_POINT('',#2772);
#845=VERTEX_POINT('',#2773);
#846=VERTEX_POINT('',#2775);
#847=VERTEX_POINT('',#2777);
#848=VERTEX_POINT('',#2781);
#849=VERTEX_POINT('',#2783);
#850=VERTEX_POINT('',#2787);
#851=VERTEX_POINT('',#2789);
#852=VERTEX_POINT('',#2798);
#853=VERTEX_POINT('',#2800);
#854=VERTEX_POINT('',#2806);
#855=VERTEX_POINT('',#2807);
#856=VERTEX_POINT('',#2809);
#857=VERTEX_POINT('',#2811);
#858=VERTEX_POINT('',#2815);
#859=VERTEX_POINT('',#2817);
#860=VERTEX_POINT('',#2821);
#861=VERTEX_POINT('',#2823);
#862=VERTEX_POINT('',#2832);
#863=VERTEX_POINT('',#2833);
#864=VERTEX_POINT('',#2835);
#865=VERTEX_POINT('',#2837);
#866=VERTEX_POINT('',#2841);
#867=VERTEX_POINT('',#2843);
#868=VERTEX_POINT('',#2847);
#869=VERTEX_POINT('',#2849);
#870=VERTEX_POINT('',#2858);
#871=VERTEX_POINT('',#2859);
#872=VERTEX_POINT('',#2861);
#873=VERTEX_POINT('',#2863);
#874=VERTEX_POINT('',#2867);
#875=VERTEX_POINT('',#2869);
#876=VERTEX_POINT('',#2873);
#877=VERTEX_POINT('',#2875);
#878=VERTEX_POINT('',#2884);
#879=VERTEX_POINT('',#2885);
#880=VERTEX_POINT('',#2887);
#881=VERTEX_POINT('',#2889);
#882=VERTEX_POINT('',#2893);
#883=VERTEX_POINT('',#2895);
#884=VERTEX_POINT('',#2899);
#885=VERTEX_POINT('',#2901);
#886=VERTEX_POINT('',#2910);
#887=VERTEX_POINT('',#2911);
#888=VERTEX_POINT('',#2913);
#889=VERTEX_POINT('',#2915);
#890=VERTEX_POINT('',#2919);
#891=VERTEX_POINT('',#2921);
#892=VERTEX_POINT('',#2925);
#893=VERTEX_POINT('',#2927);
#894=VERTEX_POINT('',#2936);
#895=VERTEX_POINT('',#2937);
#896=VERTEX_POINT('',#2939);
#897=VERTEX_POINT('',#2941);
#898=VERTEX_POINT('',#2945);
#899=VERTEX_POINT('',#2947);
#900=VERTEX_POINT('',#2951);
#901=VERTEX_POINT('',#2953);
#902=VERTEX_POINT('',#2962);
#903=VERTEX_POINT('',#2963);
#904=VERTEX_POINT('',#2965);
#905=VERTEX_POINT('',#2967);
#906=VERTEX_POINT('',#2971);
#907=VERTEX_POINT('',#2973);
#908=VERTEX_POINT('',#2977);
#909=VERTEX_POINT('',#2979);
#910=VERTEX_POINT('',#2988);
#911=VERTEX_POINT('',#2989);
#912=VERTEX_POINT('',#2991);
#913=VERTEX_POINT('',#2993);
#914=VERTEX_POINT('',#2997);
#915=VERTEX_POINT('',#2999);
#916=VERTEX_POINT('',#3003);
#917=VERTEX_POINT('',#3005);
#918=VERTEX_POINT('',#3014);
#919=VERTEX_POINT('',#3015);
#920=VERTEX_POINT('',#3017);
#921=VERTEX_POINT('',#3019);
#922=VERTEX_POINT('',#3023);
#923=VERTEX_POINT('',#3025);
#924=VERTEX_POINT('',#3029);
#925=VERTEX_POINT('',#3031);
#926=VERTEX_POINT('',#3040);
#927=VERTEX_POINT('',#3041);
#928=VERTEX_POINT('',#3043);
#929=VERTEX_POINT('',#3045);
#930=VERTEX_POINT('',#3049);
#931=VERTEX_POINT('',#3051);
#932=VERTEX_POINT('',#3055);
#933=VERTEX_POINT('',#3057);
#934=VERTEX_POINT('',#3066);
#935=VERTEX_POINT('',#3067);
#936=VERTEX_POINT('',#3069);
#937=VERTEX_POINT('',#3071);
#938=VERTEX_POINT('',#3075);
#939=VERTEX_POINT('',#3077);
#940=VERTEX_POINT('',#3081);
#941=VERTEX_POINT('',#3083);
#942=VERTEX_POINT('',#3092);
#943=VERTEX_POINT('',#3093);
#944=VERTEX_POINT('',#3095);
#945=VERTEX_POINT('',#3097);
#946=VERTEX_POINT('',#3101);
#947=VERTEX_POINT('',#3103);
#948=VERTEX_POINT('',#3107);
#949=VERTEX_POINT('',#3109);
#950=VERTEX_POINT('',#3118);
#951=VERTEX_POINT('',#3119);
#952=VERTEX_POINT('',#3121);
#953=VERTEX_POINT('',#3123);
#954=VERTEX_POINT('',#3127);
#955=VERTEX_POINT('',#3129);
#956=VERTEX_POINT('',#3133);
#957=VERTEX_POINT('',#3135);
#958=VERTEX_POINT('',#3144);
#959=VERTEX_POINT('',#3145);
#960=VERTEX_POINT('',#3147);
#961=VERTEX_POINT('',#3149);
#962=VERTEX_POINT('',#3153);
#963=VERTEX_POINT('',#3155);
#964=VERTEX_POINT('',#3159);
#965=VERTEX_POINT('',#3161);
#966=VERTEX_POINT('',#3170);
#967=VERTEX_POINT('',#3171);
#968=VERTEX_POINT('',#3173);
#969=VERTEX_POINT('',#3175);
#970=VERTEX_POINT('',#3179);
#971=VERTEX_POINT('',#3181);
#972=VERTEX_POINT('',#3185);
#973=VERTEX_POINT('',#3187);
#974=VERTEX_POINT('',#3196);
#975=VERTEX_POINT('',#3198);
#976=VERTEX_POINT('',#3204);
#977=VERTEX_POINT('',#3206);
#978=EDGE_CURVE('',#812,#813,#326,.T.);
#979=EDGE_CURVE('',#813,#814,#327,.T.);
#980=EDGE_CURVE('',#815,#814,#328,.T.);
#981=EDGE_CURVE('',#812,#815,#329,.T.);
#982=EDGE_CURVE('',#816,#812,#330,.T.);
#983=EDGE_CURVE('',#817,#815,#331,.T.);
#984=EDGE_CURVE('',#816,#817,#332,.T.);
#985=EDGE_CURVE('',#818,#816,#333,.T.);
#986=EDGE_CURVE('',#819,#817,#334,.T.);
#987=EDGE_CURVE('',#818,#819,#335,.T.);
#988=EDGE_CURVE('',#813,#818,#336,.T.);
#989=EDGE_CURVE('',#814,#819,#337,.T.);
#990=EDGE_CURVE('',#820,#821,#338,.T.);
#991=EDGE_CURVE('',#821,#822,#339,.T.);
#992=EDGE_CURVE('',#823,#822,#340,.T.);
#993=EDGE_CURVE('',#820,#823,#341,.T.);
#994=EDGE_CURVE('',#824,#820,#342,.T.);
#995=EDGE_CURVE('',#825,#823,#343,.T.);
#996=EDGE_CURVE('',#824,#825,#344,.T.);
#997=EDGE_CURVE('',#826,#824,#345,.T.);
#998=EDGE_CURVE('',#827,#825,#346,.T.);
#999=EDGE_CURVE('',#826,#827,#347,.T.);
#1000=EDGE_CURVE('',#821,#826,#348,.T.);
#1001=EDGE_CURVE('',#822,#827,#349,.T.);
#1002=EDGE_CURVE('',#828,#829,#350,.T.);
#1003=EDGE_CURVE('',#829,#830,#351,.T.);
#1004=EDGE_CURVE('',#831,#830,#352,.T.);
#1005=EDGE_CURVE('',#828,#831,#353,.T.);
#1006=EDGE_CURVE('',#832,#828,#354,.T.);
#1007=EDGE_CURVE('',#833,#831,#355,.T.);
#1008=EDGE_CURVE('',#832,#833,#356,.T.);
#1009=EDGE_CURVE('',#834,#832,#357,.T.);
#1010=EDGE_CURVE('',#835,#833,#358,.T.);
#1011=EDGE_CURVE('',#834,#835,#359,.T.);
#1012=EDGE_CURVE('',#829,#834,#360,.T.);
#1013=EDGE_CURVE('',#830,#835,#361,.T.);
#1014=EDGE_CURVE('',#836,#837,#362,.T.);
#1015=EDGE_CURVE('',#837,#838,#363,.T.);
#1016=EDGE_CURVE('',#839,#838,#364,.T.);
#1017=EDGE_CURVE('',#836,#839,#365,.T.);
#1018=EDGE_CURVE('',#840,#836,#366,.T.);
#1019=EDGE_CURVE('',#841,#839,#367,.T.);
#1020=EDGE_CURVE('',#840,#841,#368,.T.);
#1021=EDGE_CURVE('',#842,#840,#369,.T.);
#1022=EDGE_CURVE('',#843,#841,#370,.T.);
#1023=EDGE_CURVE('',#842,#843,#371,.T.);
#1024=EDGE_CURVE('',#837,#842,#372,.T.);
#1025=EDGE_CURVE('',#838,#843,#373,.T.);
#1026=EDGE_CURVE('',#844,#845,#374,.T.);
#1027=EDGE_CURVE('',#845,#846,#375,.T.);
#1028=EDGE_CURVE('',#847,#846,#376,.T.);
#1029=EDGE_CURVE('',#844,#847,#377,.T.);
#1030=EDGE_CURVE('',#848,#844,#378,.T.);
#1031=EDGE_CURVE('',#849,#847,#379,.T.);
#1032=EDGE_CURVE('',#848,#849,#380,.T.);
#1033=EDGE_CURVE('',#850,#848,#381,.T.);
#1034=EDGE_CURVE('',#851,#849,#382,.T.);
#1035=EDGE_CURVE('',#850,#851,#383,.T.);
#1036=EDGE_CURVE('',#845,#850,#384,.T.);
#1037=EDGE_CURVE('',#846,#851,#385,.T.);
#1038=EDGE_CURVE('',#852,#852,#13,.T.);
#1039=EDGE_CURVE('',#852,#853,#386,.T.);
#1040=EDGE_CURVE('',#853,#853,#14,.T.);
#1041=EDGE_CURVE('',#854,#855,#387,.T.);
#1042=EDGE_CURVE('',#855,#856,#388,.T.);
#1043=EDGE_CURVE('',#857,#856,#389,.T.);
#1044=EDGE_CURVE('',#854,#857,#390,.T.);
#1045=EDGE_CURVE('',#858,#854,#391,.T.);
#1046=EDGE_CURVE('',#859,#857,#392,.T.);
#1047=EDGE_CURVE('',#858,#859,#393,.T.);
#1048=EDGE_CURVE('',#860,#858,#394,.T.);
#1049=EDGE_CURVE('',#861,#859,#395,.T.);
#1050=EDGE_CURVE('',#860,#861,#396,.T.);
#1051=EDGE_CURVE('',#855,#860,#397,.T.);
#1052=EDGE_CURVE('',#856,#861,#398,.T.);
#1053=EDGE_CURVE('',#862,#863,#399,.T.);
#1054=EDGE_CURVE('',#863,#864,#400,.T.);
#1055=EDGE_CURVE('',#865,#864,#401,.T.);
#1056=EDGE_CURVE('',#862,#865,#402,.T.);
#1057=EDGE_CURVE('',#866,#862,#403,.T.);
#1058=EDGE_CURVE('',#867,#865,#404,.T.);
#1059=EDGE_CURVE('',#866,#867,#405,.T.);
#1060=EDGE_CURVE('',#868,#866,#406,.T.);
#1061=EDGE_CURVE('',#869,#867,#407,.T.);
#1062=EDGE_CURVE('',#868,#869,#408,.T.);
#1063=EDGE_CURVE('',#863,#868,#409,.T.);
#1064=EDGE_CURVE('',#864,#869,#410,.T.);
#1065=EDGE_CURVE('',#870,#871,#411,.T.);
#1066=EDGE_CURVE('',#871,#872,#412,.T.);
#1067=EDGE_CURVE('',#873,#872,#413,.T.);
#1068=EDGE_CURVE('',#870,#873,#414,.T.);
#1069=EDGE_CURVE('',#874,#870,#415,.T.);
#1070=EDGE_CURVE('',#875,#873,#416,.T.);
#1071=EDGE_CURVE('',#874,#875,#417,.T.);
#1072=EDGE_CURVE('',#876,#874,#418,.T.);
#1073=EDGE_CURVE('',#877,#875,#419,.T.);
#1074=EDGE_CURVE('',#876,#877,#420,.T.);
#1075=EDGE_CURVE('',#871,#876,#421,.T.);
#1076=EDGE_CURVE('',#872,#877,#422,.T.);
#1077=EDGE_CURVE('',#878,#879,#423,.T.);
#1078=EDGE_CURVE('',#879,#880,#424,.T.);
#1079=EDGE_CURVE('',#881,#880,#425,.T.);
#1080=EDGE_CURVE('',#878,#881,#426,.T.);
#1081=EDGE_CURVE('',#882,#878,#427,.T.);
#1082=EDGE_CURVE('',#883,#881,#428,.T.);
#1083=EDGE_CURVE('',#882,#883,#429,.T.);
#1084=EDGE_CURVE('',#884,#882,#430,.T.);
#1085=EDGE_CURVE('',#885,#883,#431,.T.);
#1086=EDGE_CURVE('',#884,#885,#432,.T.);
#1087=EDGE_CURVE('',#879,#884,#433,.T.);
#1088=EDGE_CURVE('',#880,#885,#434,.T.);
#1089=EDGE_CURVE('',#886,#887,#435,.T.);
#1090=EDGE_CURVE('',#887,#888,#436,.T.);
#1091=EDGE_CURVE('',#889,#888,#437,.T.);
#1092=EDGE_CURVE('',#886,#889,#438,.T.);
#1093=EDGE_CURVE('',#890,#886,#439,.T.);
#1094=EDGE_CURVE('',#891,#889,#440,.T.);
#1095=EDGE_CURVE('',#890,#891,#441,.T.);
#1096=EDGE_CURVE('',#892,#890,#442,.T.);
#1097=EDGE_CURVE('',#893,#891,#443,.T.);
#1098=EDGE_CURVE('',#892,#893,#444,.T.);
#1099=EDGE_CURVE('',#887,#892,#445,.T.);
#1100=EDGE_CURVE('',#888,#893,#446,.T.);
#1101=EDGE_CURVE('',#894,#895,#447,.T.);
#1102=EDGE_CURVE('',#895,#896,#448,.T.);
#1103=EDGE_CURVE('',#897,#896,#449,.T.);
#1104=EDGE_CURVE('',#894,#897,#450,.T.);
#1105=EDGE_CURVE('',#898,#894,#451,.T.);
#1106=EDGE_CURVE('',#899,#897,#452,.T.);
#1107=EDGE_CURVE('',#898,#899,#453,.T.);
#1108=EDGE_CURVE('',#900,#898,#454,.T.);
#1109=EDGE_CURVE('',#901,#899,#455,.T.);
#1110=EDGE_CURVE('',#900,#901,#456,.T.);
#1111=EDGE_CURVE('',#895,#900,#457,.T.);
#1112=EDGE_CURVE('',#896,#901,#458,.T.);
#1113=EDGE_CURVE('',#902,#903,#459,.T.);
#1114=EDGE_CURVE('',#903,#904,#460,.T.);
#1115=EDGE_CURVE('',#905,#904,#461,.T.);
#1116=EDGE_CURVE('',#902,#905,#462,.T.);
#1117=EDGE_CURVE('',#906,#902,#463,.T.);
#1118=EDGE_CURVE('',#907,#905,#464,.T.);
#1119=EDGE_CURVE('',#906,#907,#465,.T.);
#1120=EDGE_CURVE('',#908,#906,#466,.T.);
#1121=EDGE_CURVE('',#909,#907,#467,.T.);
#1122=EDGE_CURVE('',#908,#909,#468,.T.);
#1123=EDGE_CURVE('',#903,#908,#469,.T.);
#1124=EDGE_CURVE('',#904,#909,#470,.T.);
#1125=EDGE_CURVE('',#910,#911,#471,.T.);
#1126=EDGE_CURVE('',#911,#912,#472,.T.);
#1127=EDGE_CURVE('',#913,#912,#473,.T.);
#1128=EDGE_CURVE('',#910,#913,#474,.T.);
#1129=EDGE_CURVE('',#914,#910,#475,.T.);
#1130=EDGE_CURVE('',#915,#913,#476,.T.);
#1131=EDGE_CURVE('',#914,#915,#477,.T.);
#1132=EDGE_CURVE('',#916,#914,#478,.T.);
#1133=EDGE_CURVE('',#917,#915,#479,.T.);
#1134=EDGE_CURVE('',#916,#917,#480,.T.);
#1135=EDGE_CURVE('',#911,#916,#481,.T.);
#1136=EDGE_CURVE('',#912,#917,#482,.T.);
#1137=EDGE_CURVE('',#918,#919,#483,.T.);
#1138=EDGE_CURVE('',#919,#920,#484,.T.);
#1139=EDGE_CURVE('',#921,#920,#485,.T.);
#1140=EDGE_CURVE('',#918,#921,#486,.T.);
#1141=EDGE_CURVE('',#922,#918,#487,.T.);
#1142=EDGE_CURVE('',#923,#921,#488,.T.);
#1143=EDGE_CURVE('',#922,#923,#489,.T.);
#1144=EDGE_CURVE('',#924,#922,#490,.T.);
#1145=EDGE_CURVE('',#925,#923,#491,.T.);
#1146=EDGE_CURVE('',#924,#925,#492,.T.);
#1147=EDGE_CURVE('',#919,#924,#493,.T.);
#1148=EDGE_CURVE('',#920,#925,#494,.T.);
#1149=EDGE_CURVE('',#926,#927,#495,.T.);
#1150=EDGE_CURVE('',#927,#928,#496,.T.);
#1151=EDGE_CURVE('',#929,#928,#497,.T.);
#1152=EDGE_CURVE('',#926,#929,#498,.T.);
#1153=EDGE_CURVE('',#930,#926,#499,.T.);
#1154=EDGE_CURVE('',#931,#929,#500,.T.);
#1155=EDGE_CURVE('',#930,#931,#501,.T.);
#1156=EDGE_CURVE('',#932,#930,#502,.T.);
#1157=EDGE_CURVE('',#933,#931,#503,.T.);
#1158=EDGE_CURVE('',#932,#933,#504,.T.);
#1159=EDGE_CURVE('',#927,#932,#505,.T.);
#1160=EDGE_CURVE('',#928,#933,#506,.T.);
#1161=EDGE_CURVE('',#934,#935,#507,.T.);
#1162=EDGE_CURVE('',#935,#936,#508,.T.);
#1163=EDGE_CURVE('',#937,#936,#509,.T.);
#1164=EDGE_CURVE('',#934,#937,#510,.T.);
#1165=EDGE_CURVE('',#938,#934,#511,.T.);
#1166=EDGE_CURVE('',#939,#937,#512,.T.);
#1167=EDGE_CURVE('',#938,#939,#513,.T.);
#1168=EDGE_CURVE('',#940,#938,#514,.T.);
#1169=EDGE_CURVE('',#941,#939,#515,.T.);
#1170=EDGE_CURVE('',#940,#941,#516,.T.);
#1171=EDGE_CURVE('',#935,#940,#517,.T.);
#1172=EDGE_CURVE('',#936,#941,#518,.T.);
#1173=EDGE_CURVE('',#942,#943,#519,.T.);
#1174=EDGE_CURVE('',#943,#944,#520,.T.);
#1175=EDGE_CURVE('',#945,#944,#521,.T.);
#1176=EDGE_CURVE('',#942,#945,#522,.T.);
#1177=EDGE_CURVE('',#946,#942,#523,.T.);
#1178=EDGE_CURVE('',#947,#945,#524,.T.);
#1179=EDGE_CURVE('',#946,#947,#525,.T.);
#1180=EDGE_CURVE('',#948,#946,#526,.T.);
#1181=EDGE_CURVE('',#949,#947,#527,.T.);
#1182=EDGE_CURVE('',#948,#949,#528,.T.);
#1183=EDGE_CURVE('',#943,#948,#529,.T.);
#1184=EDGE_CURVE('',#944,#949,#530,.T.);
#1185=EDGE_CURVE('',#950,#951,#531,.T.);
#1186=EDGE_CURVE('',#951,#952,#532,.T.);
#1187=EDGE_CURVE('',#953,#952,#533,.T.);
#1188=EDGE_CURVE('',#950,#953,#534,.T.);
#1189=EDGE_CURVE('',#954,#950,#535,.T.);
#1190=EDGE_CURVE('',#955,#953,#536,.T.);
#1191=EDGE_CURVE('',#954,#955,#537,.T.);
#1192=EDGE_CURVE('',#956,#954,#538,.T.);
#1193=EDGE_CURVE('',#957,#955,#539,.T.);
#1194=EDGE_CURVE('',#956,#957,#540,.T.);
#1195=EDGE_CURVE('',#951,#956,#541,.T.);
#1196=EDGE_CURVE('',#952,#957,#542,.T.);
#1197=EDGE_CURVE('',#958,#959,#543,.T.);
#1198=EDGE_CURVE('',#959,#960,#544,.T.);
#1199=EDGE_CURVE('',#961,#960,#545,.T.);
#1200=EDGE_CURVE('',#958,#961,#546,.T.);
#1201=EDGE_CURVE('',#962,#958,#547,.T.);
#1202=EDGE_CURVE('',#963,#961,#548,.T.);
#1203=EDGE_CURVE('',#962,#963,#549,.T.);
#1204=EDGE_CURVE('',#964,#962,#550,.T.);
#1205=EDGE_CURVE('',#965,#963,#551,.T.);
#1206=EDGE_CURVE('',#964,#965,#552,.T.);
#1207=EDGE_CURVE('',#959,#964,#553,.T.);
#1208=EDGE_CURVE('',#960,#965,#554,.T.);
#1209=EDGE_CURVE('',#966,#967,#555,.T.);
#1210=EDGE_CURVE('',#967,#968,#556,.T.);
#1211=EDGE_CURVE('',#969,#968,#557,.T.);
#1212=EDGE_CURVE('',#966,#969,#558,.T.);
#1213=EDGE_CURVE('',#970,#966,#559,.T.);
#1214=EDGE_CURVE('',#971,#969,#560,.T.);
#1215=EDGE_CURVE('',#970,#971,#561,.T.);
#1216=EDGE_CURVE('',#972,#970,#562,.T.);
#1217=EDGE_CURVE('',#973,#971,#563,.T.);
#1218=EDGE_CURVE('',#972,#973,#564,.T.);
#1219=EDGE_CURVE('',#967,#972,#565,.T.);
#1220=EDGE_CURVE('',#968,#973,#566,.T.);
#1221=EDGE_CURVE('',#974,#974,#15,.T.);
#1222=EDGE_CURVE('',#974,#975,#567,.T.);
#1223=EDGE_CURVE('',#975,#975,#16,.T.);
#1224=EDGE_CURVE('',#976,#976,#17,.T.);
#1225=EDGE_CURVE('',#976,#977,#568,.T.);
#1226=EDGE_CURVE('',#977,#977,#18,.T.);
#1227=ORIENTED_EDGE('',*,*,#978,.T.);
#1228=ORIENTED_EDGE('',*,*,#979,.T.);
#1229=ORIENTED_EDGE('',*,*,#980,.F.);
#1230=ORIENTED_EDGE('',*,*,#981,.F.);
#1231=ORIENTED_EDGE('',*,*,#982,.T.);
#1232=ORIENTED_EDGE('',*,*,#981,.T.);
#1233=ORIENTED_EDGE('',*,*,#983,.F.);
#1234=ORIENTED_EDGE('',*,*,#984,.F.);
#1235=ORIENTED_EDGE('',*,*,#985,.T.);
#1236=ORIENTED_EDGE('',*,*,#984,.T.);
#1237=ORIENTED_EDGE('',*,*,#986,.F.);
#1238=ORIENTED_EDGE('',*,*,#987,.F.);
#1239=ORIENTED_EDGE('',*,*,#988,.T.);
#1240=ORIENTED_EDGE('',*,*,#987,.T.);
#1241=ORIENTED_EDGE('',*,*,#989,.F.);
#1242=ORIENTED_EDGE('',*,*,#979,.F.);
#1243=ORIENTED_EDGE('',*,*,#989,.T.);
#1244=ORIENTED_EDGE('',*,*,#986,.T.);
#1245=ORIENTED_EDGE('',*,*,#983,.T.);
#1246=ORIENTED_EDGE('',*,*,#980,.T.);
#1247=ORIENTED_EDGE('',*,*,#988,.F.);
#1248=ORIENTED_EDGE('',*,*,#978,.F.);
#1249=ORIENTED_EDGE('',*,*,#982,.F.);
#1250=ORIENTED_EDGE('',*,*,#985,.F.);
#1251=ORIENTED_EDGE('',*,*,#990,.T.);
#1252=ORIENTED_EDGE('',*,*,#991,.T.);
#1253=ORIENTED_EDGE('',*,*,#992,.F.);
#1254=ORIENTED_EDGE('',*,*,#993,.F.);
#1255=ORIENTED_EDGE('',*,*,#994,.T.);
#1256=ORIENTED_EDGE('',*,*,#993,.T.);
#1257=ORIENTED_EDGE('',*,*,#995,.F.);
#1258=ORIENTED_EDGE('',*,*,#996,.F.);
#1259=ORIENTED_EDGE('',*,*,#997,.T.);
#1260=ORIENTED_EDGE('',*,*,#996,.T.);
#1261=ORIENTED_EDGE('',*,*,#998,.F.);
#1262=ORIENTED_EDGE('',*,*,#999,.F.);
#1263=ORIENTED_EDGE('',*,*,#1000,.T.);
#1264=ORIENTED_EDGE('',*,*,#999,.T.);
#1265=ORIENTED_EDGE('',*,*,#1001,.F.);
#1266=ORIENTED_EDGE('',*,*,#991,.F.);
#1267=ORIENTED_EDGE('',*,*,#1001,.T.);
#1268=ORIENTED_EDGE('',*,*,#998,.T.);
#1269=ORIENTED_EDGE('',*,*,#995,.T.);
#1270=ORIENTED_EDGE('',*,*,#992,.T.);
#1271=ORIENTED_EDGE('',*,*,#1000,.F.);
#1272=ORIENTED_EDGE('',*,*,#990,.F.);
#1273=ORIENTED_EDGE('',*,*,#994,.F.);
#1274=ORIENTED_EDGE('',*,*,#997,.F.);
#1275=ORIENTED_EDGE('',*,*,#1002,.T.);
#1276=ORIENTED_EDGE('',*,*,#1003,.T.);
#1277=ORIENTED_EDGE('',*,*,#1004,.F.);
#1278=ORIENTED_EDGE('',*,*,#1005,.F.);
#1279=ORIENTED_EDGE('',*,*,#1006,.T.);
#1280=ORIENTED_EDGE('',*,*,#1005,.T.);
#1281=ORIENTED_EDGE('',*,*,#1007,.F.);
#1282=ORIENTED_EDGE('',*,*,#1008,.F.);
#1283=ORIENTED_EDGE('',*,*,#1009,.T.);
#1284=ORIENTED_EDGE('',*,*,#1008,.T.);
#1285=ORIENTED_EDGE('',*,*,#1010,.F.);
#1286=ORIENTED_EDGE('',*,*,#1011,.F.);
#1287=ORIENTED_EDGE('',*,*,#1012,.T.);
#1288=ORIENTED_EDGE('',*,*,#1011,.T.);
#1289=ORIENTED_EDGE('',*,*,#1013,.F.);
#1290=ORIENTED_EDGE('',*,*,#1003,.F.);
#1291=ORIENTED_EDGE('',*,*,#1013,.T.);
#1292=ORIENTED_EDGE('',*,*,#1010,.T.);
#1293=ORIENTED_EDGE('',*,*,#1007,.T.);
#1294=ORIENTED_EDGE('',*,*,#1004,.T.);
#1295=ORIENTED_EDGE('',*,*,#1012,.F.);
#1296=ORIENTED_EDGE('',*,*,#1002,.F.);
#1297=ORIENTED_EDGE('',*,*,#1006,.F.);
#1298=ORIENTED_EDGE('',*,*,#1009,.F.);
#1299=ORIENTED_EDGE('',*,*,#1014,.T.);
#1300=ORIENTED_EDGE('',*,*,#1015,.T.);
#1301=ORIENTED_EDGE('',*,*,#1016,.F.);
#1302=ORIENTED_EDGE('',*,*,#1017,.F.);
#1303=ORIENTED_EDGE('',*,*,#1018,.T.);
#1304=ORIENTED_EDGE('',*,*,#1017,.T.);
#1305=ORIENTED_EDGE('',*,*,#1019,.F.);
#1306=ORIENTED_EDGE('',*,*,#1020,.F.);
#1307=ORIENTED_EDGE('',*,*,#1021,.T.);
#1308=ORIENTED_EDGE('',*,*,#1020,.T.);
#1309=ORIENTED_EDGE('',*,*,#1022,.F.);
#1310=ORIENTED_EDGE('',*,*,#1023,.F.);
#1311=ORIENTED_EDGE('',*,*,#1024,.T.);
#1312=ORIENTED_EDGE('',*,*,#1023,.T.);
#1313=ORIENTED_EDGE('',*,*,#1025,.F.);
#1314=ORIENTED_EDGE('',*,*,#1015,.F.);
#1315=ORIENTED_EDGE('',*,*,#1025,.T.);
#1316=ORIENTED_EDGE('',*,*,#1022,.T.);
#1317=ORIENTED_EDGE('',*,*,#1019,.T.);
#1318=ORIENTED_EDGE('',*,*,#1016,.T.);
#1319=ORIENTED_EDGE('',*,*,#1024,.F.);
#1320=ORIENTED_EDGE('',*,*,#1014,.F.);
#1321=ORIENTED_EDGE('',*,*,#1018,.F.);
#1322=ORIENTED_EDGE('',*,*,#1021,.F.);
#1323=ORIENTED_EDGE('',*,*,#1026,.T.);
#1324=ORIENTED_EDGE('',*,*,#1027,.T.);
#1325=ORIENTED_EDGE('',*,*,#1028,.F.);
#1326=ORIENTED_EDGE('',*,*,#1029,.F.);
#1327=ORIENTED_EDGE('',*,*,#1030,.T.);
#1328=ORIENTED_EDGE('',*,*,#1029,.T.);
#1329=ORIENTED_EDGE('',*,*,#1031,.F.);
#1330=ORIENTED_EDGE('',*,*,#1032,.F.);
#1331=ORIENTED_EDGE('',*,*,#1033,.T.);
#1332=ORIENTED_EDGE('',*,*,#1032,.T.);
#1333=ORIENTED_EDGE('',*,*,#1034,.F.);
#1334=ORIENTED_EDGE('',*,*,#1035,.F.);
#1335=ORIENTED_EDGE('',*,*,#1036,.T.);
#1336=ORIENTED_EDGE('',*,*,#1035,.T.);
#1337=ORIENTED_EDGE('',*,*,#1037,.F.);
#1338=ORIENTED_EDGE('',*,*,#1027,.F.);
#1339=ORIENTED_EDGE('',*,*,#1037,.T.);
#1340=ORIENTED_EDGE('',*,*,#1034,.T.);
#1341=ORIENTED_EDGE('',*,*,#1031,.T.);
#1342=ORIENTED_EDGE('',*,*,#1028,.T.);
#1343=ORIENTED_EDGE('',*,*,#1036,.F.);
#1344=ORIENTED_EDGE('',*,*,#1026,.F.);
#1345=ORIENTED_EDGE('',*,*,#1030,.F.);
#1346=ORIENTED_EDGE('',*,*,#1033,.F.);
#1347=ORIENTED_EDGE('',*,*,#1038,.F.);
#1348=ORIENTED_EDGE('',*,*,#1039,.T.);
#1349=ORIENTED_EDGE('',*,*,#1040,.T.);
#1350=ORIENTED_EDGE('',*,*,#1039,.F.);
#1351=ORIENTED_EDGE('',*,*,#1038,.T.);
#1352=ORIENTED_EDGE('',*,*,#1040,.F.);
#1353=ORIENTED_EDGE('',*,*,#1041,.T.);
#1354=ORIENTED_EDGE('',*,*,#1042,.T.);
#1355=ORIENTED_EDGE('',*,*,#1043,.F.);
#1356=ORIENTED_EDGE('',*,*,#1044,.F.);
#1357=ORIENTED_EDGE('',*,*,#1045,.T.);
#1358=ORIENTED_EDGE('',*,*,#1044,.T.);
#1359=ORIENTED_EDGE('',*,*,#1046,.F.);
#1360=ORIENTED_EDGE('',*,*,#1047,.F.);
#1361=ORIENTED_EDGE('',*,*,#1048,.T.);
#1362=ORIENTED_EDGE('',*,*,#1047,.T.);
#1363=ORIENTED_EDGE('',*,*,#1049,.F.);
#1364=ORIENTED_EDGE('',*,*,#1050,.F.);
#1365=ORIENTED_EDGE('',*,*,#1051,.T.);
#1366=ORIENTED_EDGE('',*,*,#1050,.T.);
#1367=ORIENTED_EDGE('',*,*,#1052,.F.);
#1368=ORIENTED_EDGE('',*,*,#1042,.F.);
#1369=ORIENTED_EDGE('',*,*,#1052,.T.);
#1370=ORIENTED_EDGE('',*,*,#1049,.T.);
#1371=ORIENTED_EDGE('',*,*,#1046,.T.);
#1372=ORIENTED_EDGE('',*,*,#1043,.T.);
#1373=ORIENTED_EDGE('',*,*,#1051,.F.);
#1374=ORIENTED_EDGE('',*,*,#1041,.F.);
#1375=ORIENTED_EDGE('',*,*,#1045,.F.);
#1376=ORIENTED_EDGE('',*,*,#1048,.F.);
#1377=ORIENTED_EDGE('',*,*,#1053,.T.);
#1378=ORIENTED_EDGE('',*,*,#1054,.T.);
#1379=ORIENTED_EDGE('',*,*,#1055,.F.);
#1380=ORIENTED_EDGE('',*,*,#1056,.F.);
#1381=ORIENTED_EDGE('',*,*,#1057,.T.);
#1382=ORIENTED_EDGE('',*,*,#1056,.T.);
#1383=ORIENTED_EDGE('',*,*,#1058,.F.);
#1384=ORIENTED_EDGE('',*,*,#1059,.F.);
#1385=ORIENTED_EDGE('',*,*,#1060,.T.);
#1386=ORIENTED_EDGE('',*,*,#1059,.T.);
#1387=ORIENTED_EDGE('',*,*,#1061,.F.);
#1388=ORIENTED_EDGE('',*,*,#1062,.F.);
#1389=ORIENTED_EDGE('',*,*,#1063,.T.);
#1390=ORIENTED_EDGE('',*,*,#1062,.T.);
#1391=ORIENTED_EDGE('',*,*,#1064,.F.);
#1392=ORIENTED_EDGE('',*,*,#1054,.F.);
#1393=ORIENTED_EDGE('',*,*,#1064,.T.);
#1394=ORIENTED_EDGE('',*,*,#1061,.T.);
#1395=ORIENTED_EDGE('',*,*,#1058,.T.);
#1396=ORIENTED_EDGE('',*,*,#1055,.T.);
#1397=ORIENTED_EDGE('',*,*,#1063,.F.);
#1398=ORIENTED_EDGE('',*,*,#1053,.F.);
#1399=ORIENTED_EDGE('',*,*,#1057,.F.);
#1400=ORIENTED_EDGE('',*,*,#1060,.F.);
#1401=ORIENTED_EDGE('',*,*,#1065,.T.);
#1402=ORIENTED_EDGE('',*,*,#1066,.T.);
#1403=ORIENTED_EDGE('',*,*,#1067,.F.);
#1404=ORIENTED_EDGE('',*,*,#1068,.F.);
#1405=ORIENTED_EDGE('',*,*,#1069,.T.);
#1406=ORIENTED_EDGE('',*,*,#1068,.T.);
#1407=ORIENTED_EDGE('',*,*,#1070,.F.);
#1408=ORIENTED_EDGE('',*,*,#1071,.F.);
#1409=ORIENTED_EDGE('',*,*,#1072,.T.);
#1410=ORIENTED_EDGE('',*,*,#1071,.T.);
#1411=ORIENTED_EDGE('',*,*,#1073,.F.);
#1412=ORIENTED_EDGE('',*,*,#1074,.F.);
#1413=ORIENTED_EDGE('',*,*,#1075,.T.);
#1414=ORIENTED_EDGE('',*,*,#1074,.T.);
#1415=ORIENTED_EDGE('',*,*,#1076,.F.);
#1416=ORIENTED_EDGE('',*,*,#1066,.F.);
#1417=ORIENTED_EDGE('',*,*,#1076,.T.);
#1418=ORIENTED_EDGE('',*,*,#1073,.T.);
#1419=ORIENTED_EDGE('',*,*,#1070,.T.);
#1420=ORIENTED_EDGE('',*,*,#1067,.T.);
#1421=ORIENTED_EDGE('',*,*,#1075,.F.);
#1422=ORIENTED_EDGE('',*,*,#1065,.F.);
#1423=ORIENTED_EDGE('',*,*,#1069,.F.);
#1424=ORIENTED_EDGE('',*,*,#1072,.F.);
#1425=ORIENTED_EDGE('',*,*,#1077,.T.);
#1426=ORIENTED_EDGE('',*,*,#1078,.T.);
#1427=ORIENTED_EDGE('',*,*,#1079,.F.);
#1428=ORIENTED_EDGE('',*,*,#1080,.F.);
#1429=ORIENTED_EDGE('',*,*,#1081,.T.);
#1430=ORIENTED_EDGE('',*,*,#1080,.T.);
#1431=ORIENTED_EDGE('',*,*,#1082,.F.);
#1432=ORIENTED_EDGE('',*,*,#1083,.F.);
#1433=ORIENTED_EDGE('',*,*,#1084,.T.);
#1434=ORIENTED_EDGE('',*,*,#1083,.T.);
#1435=ORIENTED_EDGE('',*,*,#1085,.F.);
#1436=ORIENTED_EDGE('',*,*,#1086,.F.);
#1437=ORIENTED_EDGE('',*,*,#1087,.T.);
#1438=ORIENTED_EDGE('',*,*,#1086,.T.);
#1439=ORIENTED_EDGE('',*,*,#1088,.F.);
#1440=ORIENTED_EDGE('',*,*,#1078,.F.);
#1441=ORIENTED_EDGE('',*,*,#1088,.T.);
#1442=ORIENTED_EDGE('',*,*,#1085,.T.);
#1443=ORIENTED_EDGE('',*,*,#1082,.T.);
#1444=ORIENTED_EDGE('',*,*,#1079,.T.);
#1445=ORIENTED_EDGE('',*,*,#1087,.F.);
#1446=ORIENTED_EDGE('',*,*,#1077,.F.);
#1447=ORIENTED_EDGE('',*,*,#1081,.F.);
#1448=ORIENTED_EDGE('',*,*,#1084,.F.);
#1449=ORIENTED_EDGE('',*,*,#1089,.T.);
#1450=ORIENTED_EDGE('',*,*,#1090,.T.);
#1451=ORIENTED_EDGE('',*,*,#1091,.F.);
#1452=ORIENTED_EDGE('',*,*,#1092,.F.);
#1453=ORIENTED_EDGE('',*,*,#1093,.T.);
#1454=ORIENTED_EDGE('',*,*,#1092,.T.);
#1455=ORIENTED_EDGE('',*,*,#1094,.F.);
#1456=ORIENTED_EDGE('',*,*,#1095,.F.);
#1457=ORIENTED_EDGE('',*,*,#1096,.T.);
#1458=ORIENTED_EDGE('',*,*,#1095,.T.);
#1459=ORIENTED_EDGE('',*,*,#1097,.F.);
#1460=ORIENTED_EDGE('',*,*,#1098,.F.);
#1461=ORIENTED_EDGE('',*,*,#1099,.T.);
#1462=ORIENTED_EDGE('',*,*,#1098,.T.);
#1463=ORIENTED_EDGE('',*,*,#1100,.F.);
#1464=ORIENTED_EDGE('',*,*,#1090,.F.);
#1465=ORIENTED_EDGE('',*,*,#1100,.T.);
#1466=ORIENTED_EDGE('',*,*,#1097,.T.);
#1467=ORIENTED_EDGE('',*,*,#1094,.T.);
#1468=ORIENTED_EDGE('',*,*,#1091,.T.);
#1469=ORIENTED_EDGE('',*,*,#1099,.F.);
#1470=ORIENTED_EDGE('',*,*,#1089,.F.);
#1471=ORIENTED_EDGE('',*,*,#1093,.F.);
#1472=ORIENTED_EDGE('',*,*,#1096,.F.);
#1473=ORIENTED_EDGE('',*,*,#1101,.T.);
#1474=ORIENTED_EDGE('',*,*,#1102,.T.);
#1475=ORIENTED_EDGE('',*,*,#1103,.F.);
#1476=ORIENTED_EDGE('',*,*,#1104,.F.);
#1477=ORIENTED_EDGE('',*,*,#1105,.T.);
#1478=ORIENTED_EDGE('',*,*,#1104,.T.);
#1479=ORIENTED_EDGE('',*,*,#1106,.F.);
#1480=ORIENTED_EDGE('',*,*,#1107,.F.);
#1481=ORIENTED_EDGE('',*,*,#1108,.T.);
#1482=ORIENTED_EDGE('',*,*,#1107,.T.);
#1483=ORIENTED_EDGE('',*,*,#1109,.F.);
#1484=ORIENTED_EDGE('',*,*,#1110,.F.);
#1485=ORIENTED_EDGE('',*,*,#1111,.T.);
#1486=ORIENTED_EDGE('',*,*,#1110,.T.);
#1487=ORIENTED_EDGE('',*,*,#1112,.F.);
#1488=ORIENTED_EDGE('',*,*,#1102,.F.);
#1489=ORIENTED_EDGE('',*,*,#1112,.T.);
#1490=ORIENTED_EDGE('',*,*,#1109,.T.);
#1491=ORIENTED_EDGE('',*,*,#1106,.T.);
#1492=ORIENTED_EDGE('',*,*,#1103,.T.);
#1493=ORIENTED_EDGE('',*,*,#1111,.F.);
#1494=ORIENTED_EDGE('',*,*,#1101,.F.);
#1495=ORIENTED_EDGE('',*,*,#1105,.F.);
#1496=ORIENTED_EDGE('',*,*,#1108,.F.);
#1497=ORIENTED_EDGE('',*,*,#1113,.T.);
#1498=ORIENTED_EDGE('',*,*,#1114,.T.);
#1499=ORIENTED_EDGE('',*,*,#1115,.F.);
#1500=ORIENTED_EDGE('',*,*,#1116,.F.);
#1501=ORIENTED_EDGE('',*,*,#1117,.T.);
#1502=ORIENTED_EDGE('',*,*,#1116,.T.);
#1503=ORIENTED_EDGE('',*,*,#1118,.F.);
#1504=ORIENTED_EDGE('',*,*,#1119,.F.);
#1505=ORIENTED_EDGE('',*,*,#1120,.T.);
#1506=ORIENTED_EDGE('',*,*,#1119,.T.);
#1507=ORIENTED_EDGE('',*,*,#1121,.F.);
#1508=ORIENTED_EDGE('',*,*,#1122,.F.);
#1509=ORIENTED_EDGE('',*,*,#1123,.T.);
#1510=ORIENTED_EDGE('',*,*,#1122,.T.);
#1511=ORIENTED_EDGE('',*,*,#1124,.F.);
#1512=ORIENTED_EDGE('',*,*,#1114,.F.);
#1513=ORIENTED_EDGE('',*,*,#1124,.T.);
#1514=ORIENTED_EDGE('',*,*,#1121,.T.);
#1515=ORIENTED_EDGE('',*,*,#1118,.T.);
#1516=ORIENTED_EDGE('',*,*,#1115,.T.);
#1517=ORIENTED_EDGE('',*,*,#1123,.F.);
#1518=ORIENTED_EDGE('',*,*,#1113,.F.);
#1519=ORIENTED_EDGE('',*,*,#1117,.F.);
#1520=ORIENTED_EDGE('',*,*,#1120,.F.);
#1521=ORIENTED_EDGE('',*,*,#1125,.T.);
#1522=ORIENTED_EDGE('',*,*,#1126,.T.);
#1523=ORIENTED_EDGE('',*,*,#1127,.F.);
#1524=ORIENTED_EDGE('',*,*,#1128,.F.);
#1525=ORIENTED_EDGE('',*,*,#1129,.T.);
#1526=ORIENTED_EDGE('',*,*,#1128,.T.);
#1527=ORIENTED_EDGE('',*,*,#1130,.F.);
#1528=ORIENTED_EDGE('',*,*,#1131,.F.);
#1529=ORIENTED_EDGE('',*,*,#1132,.T.);
#1530=ORIENTED_EDGE('',*,*,#1131,.T.);
#1531=ORIENTED_EDGE('',*,*,#1133,.F.);
#1532=ORIENTED_EDGE('',*,*,#1134,.F.);
#1533=ORIENTED_EDGE('',*,*,#1135,.T.);
#1534=ORIENTED_EDGE('',*,*,#1134,.T.);
#1535=ORIENTED_EDGE('',*,*,#1136,.F.);
#1536=ORIENTED_EDGE('',*,*,#1126,.F.);
#1537=ORIENTED_EDGE('',*,*,#1136,.T.);
#1538=ORIENTED_EDGE('',*,*,#1133,.T.);
#1539=ORIENTED_EDGE('',*,*,#1130,.T.);
#1540=ORIENTED_EDGE('',*,*,#1127,.T.);
#1541=ORIENTED_EDGE('',*,*,#1135,.F.);
#1542=ORIENTED_EDGE('',*,*,#1125,.F.);
#1543=ORIENTED_EDGE('',*,*,#1129,.F.);
#1544=ORIENTED_EDGE('',*,*,#1132,.F.);
#1545=ORIENTED_EDGE('',*,*,#1137,.T.);
#1546=ORIENTED_EDGE('',*,*,#1138,.T.);
#1547=ORIENTED_EDGE('',*,*,#1139,.F.);
#1548=ORIENTED_EDGE('',*,*,#1140,.F.);
#1549=ORIENTED_EDGE('',*,*,#1141,.T.);
#1550=ORIENTED_EDGE('',*,*,#1140,.T.);
#1551=ORIENTED_EDGE('',*,*,#1142,.F.);
#1552=ORIENTED_EDGE('',*,*,#1143,.F.);
#1553=ORIENTED_EDGE('',*,*,#1144,.T.);
#1554=ORIENTED_EDGE('',*,*,#1143,.T.);
#1555=ORIENTED_EDGE('',*,*,#1145,.F.);
#1556=ORIENTED_EDGE('',*,*,#1146,.F.);
#1557=ORIENTED_EDGE('',*,*,#1147,.T.);
#1558=ORIENTED_EDGE('',*,*,#1146,.T.);
#1559=ORIENTED_EDGE('',*,*,#1148,.F.);
#1560=ORIENTED_EDGE('',*,*,#1138,.F.);
#1561=ORIENTED_EDGE('',*,*,#1148,.T.);
#1562=ORIENTED_EDGE('',*,*,#1145,.T.);
#1563=ORIENTED_EDGE('',*,*,#1142,.T.);
#1564=ORIENTED_EDGE('',*,*,#1139,.T.);
#1565=ORIENTED_EDGE('',*,*,#1147,.F.);
#1566=ORIENTED_EDGE('',*,*,#1137,.F.);
#1567=ORIENTED_EDGE('',*,*,#1141,.F.);
#1568=ORIENTED_EDGE('',*,*,#1144,.F.);
#1569=ORIENTED_EDGE('',*,*,#1149,.T.);
#1570=ORIENTED_EDGE('',*,*,#1150,.T.);
#1571=ORIENTED_EDGE('',*,*,#1151,.F.);
#1572=ORIENTED_EDGE('',*,*,#1152,.F.);
#1573=ORIENTED_EDGE('',*,*,#1153,.T.);
#1574=ORIENTED_EDGE('',*,*,#1152,.T.);
#1575=ORIENTED_EDGE('',*,*,#1154,.F.);
#1576=ORIENTED_EDGE('',*,*,#1155,.F.);
#1577=ORIENTED_EDGE('',*,*,#1156,.T.);
#1578=ORIENTED_EDGE('',*,*,#1155,.T.);
#1579=ORIENTED_EDGE('',*,*,#1157,.F.);
#1580=ORIENTED_EDGE('',*,*,#1158,.F.);
#1581=ORIENTED_EDGE('',*,*,#1159,.T.);
#1582=ORIENTED_EDGE('',*,*,#1158,.T.);
#1583=ORIENTED_EDGE('',*,*,#1160,.F.);
#1584=ORIENTED_EDGE('',*,*,#1150,.F.);
#1585=ORIENTED_EDGE('',*,*,#1160,.T.);
#1586=ORIENTED_EDGE('',*,*,#1157,.T.);
#1587=ORIENTED_EDGE('',*,*,#1154,.T.);
#1588=ORIENTED_EDGE('',*,*,#1151,.T.);
#1589=ORIENTED_EDGE('',*,*,#1159,.F.);
#1590=ORIENTED_EDGE('',*,*,#1149,.F.);
#1591=ORIENTED_EDGE('',*,*,#1153,.F.);
#1592=ORIENTED_EDGE('',*,*,#1156,.F.);
#1593=ORIENTED_EDGE('',*,*,#1161,.T.);
#1594=ORIENTED_EDGE('',*,*,#1162,.T.);
#1595=ORIENTED_EDGE('',*,*,#1163,.F.);
#1596=ORIENTED_EDGE('',*,*,#1164,.F.);
#1597=ORIENTED_EDGE('',*,*,#1165,.T.);
#1598=ORIENTED_EDGE('',*,*,#1164,.T.);
#1599=ORIENTED_EDGE('',*,*,#1166,.F.);
#1600=ORIENTED_EDGE('',*,*,#1167,.F.);
#1601=ORIENTED_EDGE('',*,*,#1168,.T.);
#1602=ORIENTED_EDGE('',*,*,#1167,.T.);
#1603=ORIENTED_EDGE('',*,*,#1169,.F.);
#1604=ORIENTED_EDGE('',*,*,#1170,.F.);
#1605=ORIENTED_EDGE('',*,*,#1171,.T.);
#1606=ORIENTED_EDGE('',*,*,#1170,.T.);
#1607=ORIENTED_EDGE('',*,*,#1172,.F.);
#1608=ORIENTED_EDGE('',*,*,#1162,.F.);
#1609=ORIENTED_EDGE('',*,*,#1172,.T.);
#1610=ORIENTED_EDGE('',*,*,#1169,.T.);
#1611=ORIENTED_EDGE('',*,*,#1166,.T.);
#1612=ORIENTED_EDGE('',*,*,#1163,.T.);
#1613=ORIENTED_EDGE('',*,*,#1171,.F.);
#1614=ORIENTED_EDGE('',*,*,#1161,.F.);
#1615=ORIENTED_EDGE('',*,*,#1165,.F.);
#1616=ORIENTED_EDGE('',*,*,#1168,.F.);
#1617=ORIENTED_EDGE('',*,*,#1173,.T.);
#1618=ORIENTED_EDGE('',*,*,#1174,.T.);
#1619=ORIENTED_EDGE('',*,*,#1175,.F.);
#1620=ORIENTED_EDGE('',*,*,#1176,.F.);
#1621=ORIENTED_EDGE('',*,*,#1177,.T.);
#1622=ORIENTED_EDGE('',*,*,#1176,.T.);
#1623=ORIENTED_EDGE('',*,*,#1178,.F.);
#1624=ORIENTED_EDGE('',*,*,#1179,.F.);
#1625=ORIENTED_EDGE('',*,*,#1180,.T.);
#1626=ORIENTED_EDGE('',*,*,#1179,.T.);
#1627=ORIENTED_EDGE('',*,*,#1181,.F.);
#1628=ORIENTED_EDGE('',*,*,#1182,.F.);
#1629=ORIENTED_EDGE('',*,*,#1183,.T.);
#1630=ORIENTED_EDGE('',*,*,#1182,.T.);
#1631=ORIENTED_EDGE('',*,*,#1184,.F.);
#1632=ORIENTED_EDGE('',*,*,#1174,.F.);
#1633=ORIENTED_EDGE('',*,*,#1184,.T.);
#1634=ORIENTED_EDGE('',*,*,#1181,.T.);
#1635=ORIENTED_EDGE('',*,*,#1178,.T.);
#1636=ORIENTED_EDGE('',*,*,#1175,.T.);
#1637=ORIENTED_EDGE('',*,*,#1183,.F.);
#1638=ORIENTED_EDGE('',*,*,#1173,.F.);
#1639=ORIENTED_EDGE('',*,*,#1177,.F.);
#1640=ORIENTED_EDGE('',*,*,#1180,.F.);
#1641=ORIENTED_EDGE('',*,*,#1185,.T.);
#1642=ORIENTED_EDGE('',*,*,#1186,.T.);
#1643=ORIENTED_EDGE('',*,*,#1187,.F.);
#1644=ORIENTED_EDGE('',*,*,#1188,.F.);
#1645=ORIENTED_EDGE('',*,*,#1189,.T.);
#1646=ORIENTED_EDGE('',*,*,#1188,.T.);
#1647=ORIENTED_EDGE('',*,*,#1190,.F.);
#1648=ORIENTED_EDGE('',*,*,#1191,.F.);
#1649=ORIENTED_EDGE('',*,*,#1192,.T.);
#1650=ORIENTED_EDGE('',*,*,#1191,.T.);
#1651=ORIENTED_EDGE('',*,*,#1193,.F.);
#1652=ORIENTED_EDGE('',*,*,#1194,.F.);
#1653=ORIENTED_EDGE('',*,*,#1195,.T.);
#1654=ORIENTED_EDGE('',*,*,#1194,.T.);
#1655=ORIENTED_EDGE('',*,*,#1196,.F.);
#1656=ORIENTED_EDGE('',*,*,#1186,.F.);
#1657=ORIENTED_EDGE('',*,*,#1196,.T.);
#1658=ORIENTED_EDGE('',*,*,#1193,.T.);
#1659=ORIENTED_EDGE('',*,*,#1190,.T.);
#1660=ORIENTED_EDGE('',*,*,#1187,.T.);
#1661=ORIENTED_EDGE('',*,*,#1195,.F.);
#1662=ORIENTED_EDGE('',*,*,#1185,.F.);
#1663=ORIENTED_EDGE('',*,*,#1189,.F.);
#1664=ORIENTED_EDGE('',*,*,#1192,.F.);
#1665=ORIENTED_EDGE('',*,*,#1197,.T.);
#1666=ORIENTED_EDGE('',*,*,#1198,.T.);
#1667=ORIENTED_EDGE('',*,*,#1199,.F.);
#1668=ORIENTED_EDGE('',*,*,#1200,.F.);
#1669=ORIENTED_EDGE('',*,*,#1201,.T.);
#1670=ORIENTED_EDGE('',*,*,#1200,.T.);
#1671=ORIENTED_EDGE('',*,*,#1202,.F.);
#1672=ORIENTED_EDGE('',*,*,#1203,.F.);
#1673=ORIENTED_EDGE('',*,*,#1204,.T.);
#1674=ORIENTED_EDGE('',*,*,#1203,.T.);
#1675=ORIENTED_EDGE('',*,*,#1205,.F.);
#1676=ORIENTED_EDGE('',*,*,#1206,.F.);
#1677=ORIENTED_EDGE('',*,*,#1207,.T.);
#1678=ORIENTED_EDGE('',*,*,#1206,.T.);
#1679=ORIENTED_EDGE('',*,*,#1208,.F.);
#1680=ORIENTED_EDGE('',*,*,#1198,.F.);
#1681=ORIENTED_EDGE('',*,*,#1208,.T.);
#1682=ORIENTED_EDGE('',*,*,#1205,.T.);
#1683=ORIENTED_EDGE('',*,*,#1202,.T.);
#1684=ORIENTED_EDGE('',*,*,#1199,.T.);
#1685=ORIENTED_EDGE('',*,*,#1207,.F.);
#1686=ORIENTED_EDGE('',*,*,#1197,.F.);
#1687=ORIENTED_EDGE('',*,*,#1201,.F.);
#1688=ORIENTED_EDGE('',*,*,#1204,.F.);
#1689=ORIENTED_EDGE('',*,*,#1209,.T.);
#1690=ORIENTED_EDGE('',*,*,#1210,.T.);
#1691=ORIENTED_EDGE('',*,*,#1211,.F.);
#1692=ORIENTED_EDGE('',*,*,#1212,.F.);
#1693=ORIENTED_EDGE('',*,*,#1213,.T.);
#1694=ORIENTED_EDGE('',*,*,#1212,.T.);
#1695=ORIENTED_EDGE('',*,*,#1214,.F.);
#1696=ORIENTED_EDGE('',*,*,#1215,.F.);
#1697=ORIENTED_EDGE('',*,*,#1216,.T.);
#1698=ORIENTED_EDGE('',*,*,#1215,.T.);
#1699=ORIENTED_EDGE('',*,*,#1217,.F.);
#1700=ORIENTED_EDGE('',*,*,#1218,.F.);
#1701=ORIENTED_EDGE('',*,*,#1219,.T.);
#1702=ORIENTED_EDGE('',*,*,#1218,.T.);
#1703=ORIENTED_EDGE('',*,*,#1220,.F.);
#1704=ORIENTED_EDGE('',*,*,#1210,.F.);
#1705=ORIENTED_EDGE('',*,*,#1220,.T.);
#1706=ORIENTED_EDGE('',*,*,#1217,.T.);
#1707=ORIENTED_EDGE('',*,*,#1214,.T.);
#1708=ORIENTED_EDGE('',*,*,#1211,.T.);
#1709=ORIENTED_EDGE('',*,*,#1219,.F.);
#1710=ORIENTED_EDGE('',*,*,#1209,.F.);
#1711=ORIENTED_EDGE('',*,*,#1213,.F.);
#1712=ORIENTED_EDGE('',*,*,#1216,.F.);
#1713=ORIENTED_EDGE('',*,*,#1221,.F.);
#1714=ORIENTED_EDGE('',*,*,#1222,.T.);
#1715=ORIENTED_EDGE('',*,*,#1223,.T.);
#1716=ORIENTED_EDGE('',*,*,#1222,.F.);
#1717=ORIENTED_EDGE('',*,*,#1221,.T.);
#1718=ORIENTED_EDGE('',*,*,#1223,.F.);
#1719=ORIENTED_EDGE('',*,*,#1224,.F.);
#1720=ORIENTED_EDGE('',*,*,#1225,.T.);
#1721=ORIENTED_EDGE('',*,*,#1226,.T.);
#1722=ORIENTED_EDGE('',*,*,#1225,.F.);
#1723=ORIENTED_EDGE('',*,*,#1224,.T.);
#1724=ORIENTED_EDGE('',*,*,#1226,.F.);
#1725=PLANE('',#2016);
#1726=PLANE('',#2017);
#1727=PLANE('',#2018);
#1728=PLANE('',#2019);
#1729=PLANE('',#2020);
#1730=PLANE('',#2021);
#1731=PLANE('',#2022);
#1732=PLANE('',#2023);
#1733=PLANE('',#2024);
#1734=PLANE('',#2025);
#1735=PLANE('',#2026);
#1736=PLANE('',#2027);
#1737=PLANE('',#2028);
#1738=PLANE('',#2029);
#1739=PLANE('',#2030);
#1740=PLANE('',#2031);
#1741=PLANE('',#2032);
#1742=PLANE('',#2033);
#1743=PLANE('',#2034);
#1744=PLANE('',#2035);
#1745=PLANE('',#2036);
#1746=PLANE('',#2037);
#1747=PLANE('',#2038);
#1748=PLANE('',#2039);
#1749=PLANE('',#2040);
#1750=PLANE('',#2041);
#1751=PLANE('',#2042);
#1752=PLANE('',#2043);
#1753=PLANE('',#2044);
#1754=PLANE('',#2045);
#1755=PLANE('',#2049);
#1756=PLANE('',#2050);
#1757=PLANE('',#2051);
#1758=PLANE('',#2052);
#1759=PLANE('',#2053);
#1760=PLANE('',#2054);
#1761=PLANE('',#2055);
#1762=PLANE('',#2056);
#1763=PLANE('',#2057);
#1764=PLANE('',#2058);
#1765=PLANE('',#2059);
#1766=PLANE('',#2060);
#1767=PLANE('',#2061);
#1768=PLANE('',#2062);
#1769=PLANE('',#2063);
#1770=PLANE('',#2064);
#1771=PLANE('',#2065);
#1772=PLANE('',#2066);
#1773=PLANE('',#2067);
#1774=PLANE('',#2068);
#1775=PLANE('',#2069);
#1776=PLANE('',#2070);
#1777=PLANE('',#2071);
#1778=PLANE('',#2072);
#1779=PLANE('',#2073);
#1780=PLANE('',#2074);
#1781=PLANE('',#2075);
#1782=PLANE('',#2076);
#1783=PLANE('',#2077);
#1784=PLANE('',#2078);
#1785=PLANE('',#2079);
#1786=PLANE('',#2080);
#1787=PLANE('',#2081);
#1788=PLANE('',#2082);
#1789=PLANE('',#2083);
#1790=PLANE('',#2084);
#1791=PLANE('',#2085);
#1792=PLANE('',#2086);
#1793=PLANE('',#2087);
#1794=PLANE('',#2088);
#1795=PLANE('',#2089);
#1796=PLANE('',#2090);
#1797=PLANE('',#2091);
#1798=PLANE('',#2092);
#1799=PLANE('',#2093);
#1800=PLANE('',#2094);
#1801=PLANE('',#2095);
#1802=PLANE('',#2096);
#1803=PLANE('',#2097);
#1804=PLANE('',#2098);
#1805=PLANE('',#2099);
#1806=PLANE('',#2100);
#1807=PLANE('',#2101);
#1808=PLANE('',#2102);
#1809=PLANE('',#2103);
#1810=PLANE('',#2104);
#1811=PLANE('',#2105);
#1812=PLANE('',#2106);
#1813=PLANE('',#2107);
#1814=PLANE('',#2108);
#1815=PLANE('',#2109);
#1816=PLANE('',#2110);
#1817=PLANE('',#2111);
#1818=PLANE('',#2112);
#1819=PLANE('',#2113);
#1820=PLANE('',#2114);
#1821=PLANE('',#2115);
#1822=PLANE('',#2116);
#1823=PLANE('',#2117);
#1824=PLANE('',#2118);
#1825=PLANE('',#2119);
#1826=PLANE('',#2120);
#1827=PLANE('',#2121);
#1828=PLANE('',#2122);
#1829=PLANE('',#2123);
#1830=PLANE('',#2124);
#1831=PLANE('',#2125);
#1832=PLANE('',#2126);
#1833=PLANE('',#2127);
#1834=PLANE('',#2128);
#1835=PLANE('',#2129);
#1836=PLANE('',#2130);
#1837=PLANE('',#2131);
#1838=PLANE('',#2132);
#1839=PLANE('',#2133);
#1840=PLANE('',#2134);
#1841=PLANE('',#2135);
#1842=PLANE('',#2136);
#1843=PLANE('',#2137);
#1844=PLANE('',#2138);
#1845=PLANE('',#2139);
#1846=PLANE('',#2140);
#1847=PLANE('',#2144);
#1848=PLANE('',#2145);
#1849=PLANE('',#2149);
#1850=PLANE('',#2150);
#1851=ADVANCED_FACE('',(#68),#1725,.T.);
#1852=ADVANCED_FACE('',(#69),#1726,.T.);
#1853=ADVANCED_FACE('',(#70),#1727,.T.);
#1854=ADVANCED_FACE('',(#71),#1728,.T.);
#1855=ADVANCED_FACE('',(#72),#1729,.T.);
#1856=ADVANCED_FACE('',(#73),#1730,.F.);
#1857=ADVANCED_FACE('',(#74),#1731,.T.);
#1858=ADVANCED_FACE('',(#75),#1732,.T.);
#1859=ADVANCED_FACE('',(#76),#1733,.T.);
#1860=ADVANCED_FACE('',(#77),#1734,.T.);
#1861=ADVANCED_FACE('',(#78),#1735,.T.);
#1862=ADVANCED_FACE('',(#79),#1736,.F.);
#1863=ADVANCED_FACE('',(#80),#1737,.T.);
#1864=ADVANCED_FACE('',(#81),#1738,.T.);
#1865=ADVANCED_FACE('',(#82),#1739,.T.);
#1866=ADVANCED_FACE('',(#83),#1740,.T.);
#1867=ADVANCED_FACE('',(#84),#1741,.T.);
#1868=ADVANCED_FACE('',(#85),#1742,.F.);
#1869=ADVANCED_FACE('',(#86),#1743,.T.);
#1870=ADVANCED_FACE('',(#87),#1744,.T.);
#1871=ADVANCED_FACE('',(#88),#1745,.T.);
#1872=ADVANCED_FACE('',(#89),#1746,.T.);
#1873=ADVANCED_FACE('',(#90),#1747,.T.);
#1874=ADVANCED_FACE('',(#91),#1748,.F.);
#1875=ADVANCED_FACE('',(#92),#1749,.T.);
#1876=ADVANCED_FACE('',(#93),#1750,.T.);
#1877=ADVANCED_FACE('',(#94),#1751,.T.);
#1878=ADVANCED_FACE('',(#95),#1752,.T.);
#1879=ADVANCED_FACE('',(#96),#1753,.T.);
#1880=ADVANCED_FACE('',(#97),#1754,.F.);
#1881=ADVANCED_FACE('',(#98),#19,.T.);
#1882=ADVANCED_FACE('',(#99),#1755,.T.);
#1883=ADVANCED_FACE('',(#100),#1756,.F.);
#1884=ADVANCED_FACE('',(#101),#1757,.T.);
#1885=ADVANCED_FACE('',(#102),#1758,.T.);
#1886=ADVANCED_FACE('',(#103),#1759,.T.);
#1887=ADVANCED_FACE('',(#104),#1760,.T.);
#1888=ADVANCED_FACE('',(#105),#1761,.T.);
#1889=ADVANCED_FACE('',(#106),#1762,.F.);
#1890=ADVANCED_FACE('',(#107),#1763,.T.);
#1891=ADVANCED_FACE('',(#108),#1764,.T.);
#1892=ADVANCED_FACE('',(#109),#1765,.T.);
#1893=ADVANCED_FACE('',(#110),#1766,.T.);
#1894=ADVANCED_FACE('',(#111),#1767,.T.);
#1895=ADVANCED_FACE('',(#112),#1768,.F.);
#1896=ADVANCED_FACE('',(#113),#1769,.T.);
#1897=ADVANCED_FACE('',(#114),#1770,.T.);
#1898=ADVANCED_FACE('',(#115),#1771,.T.);
#1899=ADVANCED_FACE('',(#116),#1772,.T.);
#1900=ADVANCED_FACE('',(#117),#1773,.T.);
#1901=ADVANCED_FACE('',(#118),#1774,.F.);
#1902=ADVANCED_FACE('',(#119),#1775,.T.);
#1903=ADVANCED_FACE('',(#120),#1776,.T.);
#1904=ADVANCED_FACE('',(#121),#1777,.T.);
#1905=ADVANCED_FACE('',(#122),#1778,.T.);
#1906=ADVANCED_FACE('',(#123),#1779,.T.);
#1907=ADVANCED_FACE('',(#124),#1780,.F.);
#1908=ADVANCED_FACE('',(#125),#1781,.T.);
#1909=ADVANCED_FACE('',(#126),#1782,.T.);
#1910=ADVANCED_FACE('',(#127),#1783,.T.);
#1911=ADVANCED_FACE('',(#128),#1784,.T.);
#1912=ADVANCED_FACE('',(#129),#1785,.T.);
#1913=ADVANCED_FACE('',(#130),#1786,.F.);
#1914=ADVANCED_FACE('',(#131),#1787,.T.);
#1915=ADVANCED_FACE('',(#132),#1788,.T.);
#1916=ADVANCED_FACE('',(#133),#1789,.T.);
#1917=ADVANCED_FACE('',(#134),#1790,.T.);
#1918=ADVANCED_FACE('',(#135),#1791,.T.);
#1919=ADVANCED_FACE('',(#136),#1792,.F.);
#1920=ADVANCED_FACE('',(#137),#1793,.T.);
#1921=ADVANCED_FACE('',(#138),#1794,.T.);
#1922=ADVANCED_FACE('',(#139),#1795,.T.);
#1923=ADVANCED_FACE('',(#140),#1796,.T.);
#1924=ADVANCED_FACE('',(#141),#1797,.T.);
#1925=ADVANCED_FACE('',(#142),#1798,.F.);
#1926=ADVANCED_FACE('',(#143),#1799,.T.);
#1927=ADVANCED_FACE('',(#144),#1800,.T.);
#1928=ADVANCED_FACE('',(#145),#1801,.T.);
#1929=ADVANCED_FACE('',(#146),#1802,.T.);
#1930=ADVANCED_FACE('',(#147),#1803,.T.);
#1931=ADVANCED_FACE('',(#148),#1804,.F.);
#1932=ADVANCED_FACE('',(#149),#1805,.T.);
#1933=ADVANCED_FACE('',(#150),#1806,.T.);
#1934=ADVANCED_FACE('',(#151),#1807,.T.);
#1935=ADVANCED_FACE('',(#152),#1808,.T.);
#1936=ADVANCED_FACE('',(#153),#1809,.T.);
#1937=ADVANCED_FACE('',(#154),#1810,.F.);
#1938=ADVANCED_FACE('',(#155),#1811,.T.);
#1939=ADVANCED_FACE('',(#156),#1812,.T.);
#1940=ADVANCED_FACE('',(#157),#1813,.T.);
#1941=ADVANCED_FACE('',(#158),#1814,.T.);
#1942=ADVANCED_FACE('',(#159),#1815,.T.);
#1943=ADVANCED_FACE('',(#160),#1816,.F.);
#1944=ADVANCED_FACE('',(#161),#1817,.T.);
#1945=ADVANCED_FACE('',(#162),#1818,.T.);
#1946=ADVANCED_FACE('',(#163),#1819,.T.);
#1947=ADVANCED_FACE('',(#164),#1820,.T.);
#1948=ADVANCED_FACE('',(#165),#1821,.T.);
#1949=ADVANCED_FACE('',(#166),#1822,.F.);
#1950=ADVANCED_FACE('',(#167),#1823,.T.);
#1951=ADVANCED_FACE('',(#168),#1824,.T.);
#1952=ADVANCED_FACE('',(#169),#1825,.T.);
#1953=ADVANCED_FACE('',(#170),#1826,.T.);
#1954=ADVANCED_FACE('',(#171),#1827,.T.);
#1955=ADVANCED_FACE('',(#172),#1828,.F.);
#1956=ADVANCED_FACE('',(#173),#1829,.T.);
#1957=ADVANCED_FACE('',(#174),#1830,.T.);
#1958=ADVANCED_FACE('',(#175),#1831,.T.);
#1959=ADVANCED_FACE('',(#176),#1832,.T.);
#1960=ADVANCED_FACE('',(#177),#1833,.T.);
#1961=ADVANCED_FACE('',(#178),#1834,.F.);
#1962=ADVANCED_FACE('',(#179),#1835,.T.);
#1963=ADVANCED_FACE('',(#180),#1836,.T.);
#1964=ADVANCED_FACE('',(#181),#1837,.T.);
#1965=ADVANCED_FACE('',(#182),#1838,.T.);
#1966=ADVANCED_FACE('',(#183),#1839,.T.);
#1967=ADVANCED_FACE('',(#184),#1840,.F.);
#1968=ADVANCED_FACE('',(#185),#1841,.T.);
#1969=ADVANCED_FACE('',(#186),#1842,.T.);
#1970=ADVANCED_FACE('',(#187),#1843,.T.);
#1971=ADVANCED_FACE('',(#188),#1844,.T.);
#1972=ADVANCED_FACE('',(#189),#1845,.T.);
#1973=ADVANCED_FACE('',(#190),#1846,.F.);
#1974=ADVANCED_FACE('',(#191),#20,.T.);
#1975=ADVANCED_FACE('',(#192),#1847,.T.);
#1976=ADVANCED_FACE('',(#193),#1848,.F.);
#1977=ADVANCED_FACE('',(#194),#21,.T.);
#1978=ADVANCED_FACE('',(#195),#1849,.T.);
#1979=ADVANCED_FACE('',(#196),#1850,.F.);
#1980=CLOSED_SHELL('',(#1851,#1852,#1853,#1854,#1855,#1856));
#1981=CLOSED_SHELL('',(#1857,#1858,#1859,#1860,#1861,#1862));
#1982=CLOSED_SHELL('',(#1863,#1864,#1865,#1866,#1867,#1868));
#1983=CLOSED_SHELL('',(#1869,#1870,#1871,#1872,#1873,#1874));
#1984=CLOSED_SHELL('',(#1875,#1876,#1877,#1878,#1879,#1880));
#1985=CLOSED_SHELL('',(#1881,#1882,#1883));
#1986=CLOSED_SHELL('',(#1884,#1885,#1886,#1887,#1888,#1889));
#1987=CLOSED_SHELL('',(#1890,#1891,#1892,#1893,#1894,#1895));
#1988=CLOSED_SHELL('',(#1896,#1897,#1898,#1899,#1900,#1901));
#1989=CLOSED_SHELL('',(#1902,#1903,#1904,#1905,#1906,#1907));
#1990=CLOSED_SHELL('',(#1908,#1909,#1910,#1911,#1912,#1913));
#1991=CLOSED_SHELL('',(#1914,#1915,#1916,#1917,#1918,#1919));
#1992=CLOSED_SHELL('',(#1920,#1921,#1922,#1923,#1924,#1925));
#1993=CLOSED_SHELL('',(#1926,#1927,#1928,#1929,#1930,#1931));
#1994=CLOSED_SHELL('',(#1932,#1933,#1934,#1935,#1936,#1937));
#1995=CLOSED_SHELL('',(#1938,#1939,#1940,#1941,#1942,#1943));
#1996=CLOSED_SHELL('',(#1944,#1945,#1946,#1947,#1948,#1949));
#1997=CLOSED_SHELL('',(#1950,#1951,#1952,#1953,#1954,#1955));
#1998=CLOSED_SHELL('',(#1956,#1957,#1958,#1959,#1960,#1961));
#1999=CLOSED_SHELL('',(#1962,#1963,#1964,#1965,#1966,#1967));
#2000=CLOSED_SHELL('',(#1968,#1969,#1970,#1971,#1972,#1973));
#2001=CLOSED_SHELL('',(#1974,#1975,#1976));
#2002=CLOSED_SHELL('',(#1977,#1978,#1979));
#2003=DERIVED_UNIT_ELEMENT(#2005,1.);
#2004=DERIVED_UNIT_ELEMENT(#3216,-3.);
#2005=(
MASS_UNIT()
NAMED_UNIT(*)
SI_UNIT(.KILO.,.GRAM.)
);
#2006=DERIVED_UNIT((#2003,#2004));
#2007=MEASURE_REPRESENTATION_ITEM('density measure',
POSITIVE_RATIO_MEASURE(7850.),#2006);
#2008=PROPERTY_DEFINITION_REPRESENTATION(#2013,#2010);
#2009=PROPERTY_DEFINITION_REPRESENTATION(#2014,#2011);
#2010=REPRESENTATION('material name',(#2012),#3213);
#2011=REPRESENTATION('density',(#2007),#3213);
#2012=DESCRIPTIVE_REPRESENTATION_ITEM('Steel','Steel');
#2013=PROPERTY_DEFINITION('material property','material name',#3223);
#2014=PROPERTY_DEFINITION('material property','density of part',#3223);
#2015=AXIS2_PLACEMENT_3D('',#2666,#2151,#2152);
#2016=AXIS2_PLACEMENT_3D('',#2667,#2153,#2154);
#2017=AXIS2_PLACEMENT_3D('',#2676,#2159,#2160);
#2018=AXIS2_PLACEMENT_3D('',#2682,#2164,#2165);
#2019=AXIS2_PLACEMENT_3D('',#2688,#2169,#2170);
#2020=AXIS2_PLACEMENT_3D('',#2691,#2173,#2174);
#2021=AXIS2_PLACEMENT_3D('',#2692,#2175,#2176);
#2022=AXIS2_PLACEMENT_3D('',#2693,#2177,#2178);
#2023=AXIS2_PLACEMENT_3D('',#2702,#2183,#2184);
#2024=AXIS2_PLACEMENT_3D('',#2708,#2188,#2189);
#2025=AXIS2_PLACEMENT_3D('',#2714,#2193,#2194);
#2026=AXIS2_PLACEMENT_3D('',#2717,#2197,#2198);
#2027=AXIS2_PLACEMENT_3D('',#2718,#2199,#2200);
#2028=AXIS2_PLACEMENT_3D('',#2719,#2201,#2202);
#2029=AXIS2_PLACEMENT_3D('',#2728,#2207,#2208);
#2030=AXIS2_PLACEMENT_3D('',#2734,#2212,#2213);
#2031=AXIS2_PLACEMENT_3D('',#2740,#2217,#2218);
#2032=AXIS2_PLACEMENT_3D('',#2743,#2221,#2222);
#2033=AXIS2_PLACEMENT_3D('',#2744,#2223,#2224);
#2034=AXIS2_PLACEMENT_3D('',#2745,#2225,#2226);
#2035=AXIS2_PLACEMENT_3D('',#2754,#2231,#2232);
#2036=AXIS2_PLACEMENT_3D('',#2760,#2236,#2237);
#2037=AXIS2_PLACEMENT_3D('',#2766,#2241,#2242);
#2038=AXIS2_PLACEMENT_3D('',#2769,#2245,#2246);
#2039=AXIS2_PLACEMENT_3D('',#2770,#2247,#2248);
#2040=AXIS2_PLACEMENT_3D('',#2771,#2249,#2250);
#2041=AXIS2_PLACEMENT_3D('',#2780,#2255,#2256);
#2042=AXIS2_PLACEMENT_3D('',#2786,#2260,#2261);
#2043=AXIS2_PLACEMENT_3D('',#2792,#2265,#2266);
#2044=AXIS2_PLACEMENT_3D('',#2795,#2269,#2270);
#2045=AXIS2_PLACEMENT_3D('',#2796,#2271,#2272);
#2046=AXIS2_PLACEMENT_3D('',#2797,#2273,#2274);
#2047=AXIS2_PLACEMENT_3D('',#2799,#2275,#2276);
#2048=AXIS2_PLACEMENT_3D('',#2802,#2278,#2279);
#2049=AXIS2_PLACEMENT_3D('',#2803,#2280,#2281);
#2050=AXIS2_PLACEMENT_3D('',#2804,#2282,#2283);
#2051=AXIS2_PLACEMENT_3D('',#2805,#2284,#2285);
#2052=AXIS2_PLACEMENT_3D('',#2814,#2290,#2291);
#2053=AXIS2_PLACEMENT_3D('',#2820,#2295,#2296);
#2054=AXIS2_PLACEMENT_3D('',#2826,#2300,#2301);
#2055=AXIS2_PLACEMENT_3D('',#2829,#2304,#2305);
#2056=AXIS2_PLACEMENT_3D('',#2830,#2306,#2307);
#2057=AXIS2_PLACEMENT_3D('',#2831,#2308,#2309);
#2058=AXIS2_PLACEMENT_3D('',#2840,#2314,#2315);
#2059=AXIS2_PLACEMENT_3D('',#2846,#2319,#2320);
#2060=AXIS2_PLACEMENT_3D('',#2852,#2324,#2325);
#2061=AXIS2_PLACEMENT_3D('',#2855,#2328,#2329);
#2062=AXIS2_PLACEMENT_3D('',#2856,#2330,#2331);
#2063=AXIS2_PLACEMENT_3D('',#2857,#2332,#2333);
#2064=AXIS2_PLACEMENT_3D('',#2866,#2338,#2339);
#2065=AXIS2_PLACEMENT_3D('',#2872,#2343,#2344);
#2066=AXIS2_PLACEMENT_3D('',#2878,#2348,#2349);
#2067=AXIS2_PLACEMENT_3D('',#2881,#2352,#2353);
#2068=AXIS2_PLACEMENT_3D('',#2882,#2354,#2355);
#2069=AXIS2_PLACEMENT_3D('',#2883,#2356,#2357);
#2070=AXIS2_PLACEMENT_3D('',#2892,#2362,#2363);
#2071=AXIS2_PLACEMENT_3D('',#2898,#2367,#2368);
#2072=AXIS2_PLACEMENT_3D('',#2904,#2372,#2373);
#2073=AXIS2_PLACEMENT_3D('',#2907,#2376,#2377);
#2074=AXIS2_PLACEMENT_3D('',#2908,#2378,#2379);
#2075=AXIS2_PLACEMENT_3D('',#2909,#2380,#2381);
#2076=AXIS2_PLACEMENT_3D('',#2918,#2386,#2387);
#2077=AXIS2_PLACEMENT_3D('',#2924,#2391,#2392);
#2078=AXIS2_PLACEMENT_3D('',#2930,#2396,#2397);
#2079=AXIS2_PLACEMENT_3D('',#2933,#2400,#2401);
#2080=AXIS2_PLACEMENT_3D('',#2934,#2402,#2403);
#2081=AXIS2_PLACEMENT_3D('',#2935,#2404,#2405);
#2082=AXIS2_PLACEMENT_3D('',#2944,#2410,#2411);
#2083=AXIS2_PLACEMENT_3D('',#2950,#2415,#2416);
#2084=AXIS2_PLACEMENT_3D('',#2956,#2420,#2421);
#2085=AXIS2_PLACEMENT_3D('',#2959,#2424,#2425);
#2086=AXIS2_PLACEMENT_3D('',#2960,#2426,#2427);
#2087=AXIS2_PLACEMENT_3D('',#2961,#2428,#2429);
#2088=AXIS2_PLACEMENT_3D('',#2970,#2434,#2435);
#2089=AXIS2_PLACEMENT_3D('',#2976,#2439,#2440);
#2090=AXIS2_PLACEMENT_3D('',#2982,#2444,#2445);
#2091=AXIS2_PLACEMENT_3D('',#2985,#2448,#2449);
#2092=AXIS2_PLACEMENT_3D('',#2986,#2450,#2451);
#2093=AXIS2_PLACEMENT_3D('',#2987,#2452,#2453);
#2094=AXIS2_PLACEMENT_3D('',#2996,#2458,#2459);
#2095=AXIS2_PLACEMENT_3D('',#3002,#2463,#2464);
#2096=AXIS2_PLACEMENT_3D('',#3008,#2468,#2469);
#2097=AXIS2_PLACEMENT_3D('',#3011,#2472,#2473);
#2098=AXIS2_PLACEMENT_3D('',#3012,#2474,#2475);
#2099=AXIS2_PLACEMENT_3D('',#3013,#2476,#2477);
#2100=AXIS2_PLACEMENT_3D('',#3022,#2482,#2483);
#2101=AXIS2_PLACEMENT_3D('',#3028,#2487,#2488);
#2102=AXIS2_PLACEMENT_3D('',#3034,#2492,#2493);
#2103=AXIS2_PLACEMENT_3D('',#3037,#2496,#2497);
#2104=AXIS2_PLACEMENT_3D('',#3038,#2498,#2499);
#2105=AXIS2_PLACEMENT_3D('',#3039,#2500,#2501);
#2106=AXIS2_PLACEMENT_3D('',#3048,#2506,#2507);
#2107=AXIS2_PLACEMENT_3D('',#3054,#2511,#2512);
#2108=AXIS2_PLACEMENT_3D('',#3060,#2516,#2517);
#2109=AXIS2_PLACEMENT_3D('',#3063,#2520,#2521);
#2110=AXIS2_PLACEMENT_3D('',#3064,#2522,#2523);
#2111=AXIS2_PLACEMENT_3D('',#3065,#2524,#2525);
#2112=AXIS2_PLACEMENT_3D('',#3074,#2530,#2531);
#2113=AXIS2_PLACEMENT_3D('',#3080,#2535,#2536);
#2114=AXIS2_PLACEMENT_3D('',#3086,#2540,#2541);
#2115=AXIS2_PLACEMENT_3D('',#3089,#2544,#2545);
#2116=AXIS2_PLACEMENT_3D('',#3090,#2546,#2547);
#2117=AXIS2_PLACEMENT_3D('',#3091,#2548,#2549);
#2118=AXIS2_PLACEMENT_3D('',#3100,#2554,#2555);
#2119=AXIS2_PLACEMENT_3D('',#3106,#2559,#2560);
#2120=AXIS2_PLACEMENT_3D('',#3112,#2564,#2565);
#2121=AXIS2_PLACEMENT_3D('',#3115,#2568,#2569);
#2122=AXIS2_PLACEMENT_3D('',#3116,#2570,#2571);
#2123=AXIS2_PLACEMENT_3D('',#3117,#2572,#2573);
#2124=AXIS2_PLACEMENT_3D('',#3126,#2578,#2579);
#2125=AXIS2_PLACEMENT_3D('',#3132,#2583,#2584);
#2126=AXIS2_PLACEMENT_3D('',#3138,#2588,#2589);
#2127=AXIS2_PLACEMENT_3D('',#3141,#2592,#2593);
#2128=AXIS2_PLACEMENT_3D('',#3142,#2594,#2595);
#2129=AXIS2_PLACEMENT_3D('',#3143,#2596,#2597);
#2130=AXIS2_PLACEMENT_3D('',#3152,#2602,#2603);
#2131=AXIS2_PLACEMENT_3D('',#3158,#2607,#2608);
#2132=AXIS2_PLACEMENT_3D('',#3164,#2612,#2613);
#2133=AXIS2_PLACEMENT_3D('',#3167,#2616,#2617);
#2134=AXIS2_PLACEMENT_3D('',#3168,#2618,#2619);
#2135=AXIS2_PLACEMENT_3D('',#3169,#2620,#2621);
#2136=AXIS2_PLACEMENT_3D('',#3178,#2626,#2627);
#2137=AXIS2_PLACEMENT_3D('',#3184,#2631,#2632);
#2138=AXIS2_PLACEMENT_3D('',#3190,#2636,#2637);
#2139=AXIS2_PLACEMENT_3D('',#3193,#2640,#2641);
#2140=AXIS2_PLACEMENT_3D('',#3194,#2642,#2643);
#2141=AXIS2_PLACEMENT_3D('',#3195,#2644,#2645);
#2142=AXIS2_PLACEMENT_3D('',#3197,#2646,#2647);
#2143=AXIS2_PLACEMENT_3D('',#3200,#2649,#2650);
#2144=AXIS2_PLACEMENT_3D('',#3201,#2651,#2652);
#2145=AXIS2_PLACEMENT_3D('',#3202,#2653,#2654);
#2146=AXIS2_PLACEMENT_3D('',#3203,#2655,#2656);
#2147=AXIS2_PLACEMENT_3D('',#3205,#2657,#2658);
#2148=AXIS2_PLACEMENT_3D('',#3208,#2660,#2661);
#2149=AXIS2_PLACEMENT_3D('',#3209,#2662,#2663);
#2150=AXIS2_PLACEMENT_3D('',#3210,#2664,#2665);
#2151=DIRECTION('axis',(0.,0.,1.));
#2152=DIRECTION('refdir',(1.,0.,0.));
#2153=DIRECTION('center_axis',(0.,1.,0.));
#2154=DIRECTION('ref_axis',(-1.,0.,0.));
#2155=DIRECTION('',(-1.,0.,0.));
#2156=DIRECTION('',(0.,0.,1.));
#2157=DIRECTION('',(-1.,0.,0.));
#2158=DIRECTION('',(0.,0.,1.));
#2159=DIRECTION('center_axis',(1.,0.,0.));
#2160=DIRECTION('ref_axis',(0.,1.,0.));
#2161=DIRECTION('',(0.,1.,0.));
#2162=DIRECTION('',(0.,1.,0.));
#2163=DIRECTION('',(0.,0.,1.));
#2164=DIRECTION('center_axis',(0.,-1.,0.));
#2165=DIRECTION('ref_axis',(1.,0.,0.));
#2166=DIRECTION('',(1.,0.,0.));
#2167=DIRECTION('',(1.,0.,0.));
#2168=DIRECTION('',(0.,0.,1.));
#2169=DIRECTION('center_axis',(-1.,0.,0.));
#2170=DIRECTION('ref_axis',(0.,-1.,0.));
#2171=DIRECTION('',(0.,-1.,0.));
#2172=DIRECTION('',(0.,-1.,0.));
#2173=DIRECTION('center_axis',(0.,0.,1.));
#2174=DIRECTION('ref_axis',(1.,0.,0.));
#2175=DIRECTION('center_axis',(0.,0.,1.));
#2176=DIRECTION('ref_axis',(1.,0.,0.));
#2177=DIRECTION('center_axis',(0.,1.,0.));
#2178=DIRECTION('ref_axis',(-1.,0.,0.));
#2179=DIRECTION('',(-1.,0.,0.));
#2180=DIRECTION('',(0.,0.,1.));
#2181=DIRECTION('',(-1.,0.,0.));
#2182=DIRECTION('',(0.,0.,1.));
#2183=DIRECTION('center_axis',(1.,0.,0.));
#2184=DIRECTION('ref_axis',(0.,1.,0.));
#2185=DIRECTION('',(0.,1.,0.));
#2186=DIRECTION('',(0.,1.,0.));
#2187=DIRECTION('',(0.,0.,1.));
#2188=DIRECTION('center_axis',(0.,-1.,0.));
#2189=DIRECTION('ref_axis',(1.,0.,0.));
#2190=DIRECTION('',(1.,0.,0.));
#2191=DIRECTION('',(1.,0.,0.));
#2192=DIRECTION('',(0.,0.,1.));
#2193=DIRECTION('center_axis',(-1.,0.,0.));
#2194=DIRECTION('ref_axis',(0.,-1.,0.));
#2195=DIRECTION('',(0.,-1.,0.));
#2196=DIRECTION('',(0.,-1.,0.));
#2197=DIRECTION('center_axis',(0.,0.,1.));
#2198=DIRECTION('ref_axis',(1.,0.,0.));
#2199=DIRECTION('center_axis',(0.,0.,1.));
#2200=DIRECTION('ref_axis',(1.,0.,0.));
#2201=DIRECTION('center_axis',(0.,1.,0.));
#2202=DIRECTION('ref_axis',(-1.,0.,0.));
#2203=DIRECTION('',(-1.,0.,0.));
#2204=DIRECTION('',(0.,0.,1.));
#2205=DIRECTION('',(-1.,0.,0.));
#2206=DIRECTION('',(0.,0.,1.));
#2207=DIRECTION('center_axis',(1.,0.,0.));
#2208=DIRECTION('ref_axis',(0.,1.,0.));
#2209=DIRECTION('',(0.,1.,0.));
#2210=DIRECTION('',(0.,1.,0.));
#2211=DIRECTION('',(0.,0.,1.));
#2212=DIRECTION('center_axis',(0.,-1.,0.));
#2213=DIRECTION('ref_axis',(1.,0.,0.));
#2214=DIRECTION('',(1.,0.,0.));
#2215=DIRECTION('',(1.,0.,0.));
#2216=DIRECTION('',(0.,0.,1.));
#2217=DIRECTION('center_axis',(-1.,0.,0.));
#2218=DIRECTION('ref_axis',(0.,-1.,0.));
#2219=DIRECTION('',(0.,-1.,0.));
#2220=DIRECTION('',(0.,-1.,0.));
#2221=DIRECTION('center_axis',(0.,0.,1.));
#2222=DIRECTION('ref_axis',(1.,0.,0.));
#2223=DIRECTION('center_axis',(0.,0.,1.));
#2224=DIRECTION('ref_axis',(1.,0.,0.));
#2225=DIRECTION('center_axis',(0.,1.,0.));
#2226=DIRECTION('ref_axis',(-1.,0.,0.));
#2227=DIRECTION('',(-1.,0.,0.));
#2228=DIRECTION('',(0.,0.,1.));
#2229=DIRECTION('',(-1.,0.,0.));
#2230=DIRECTION('',(0.,0.,1.));
#2231=DIRECTION('center_axis',(1.,0.,0.));
#2232=DIRECTION('ref_axis',(0.,1.,0.));
#2233=DIRECTION('',(0.,1.,0.));
#2234=DIRECTION('',(0.,1.,0.));
#2235=DIRECTION('',(0.,0.,1.));
#2236=DIRECTION('center_axis',(0.,-1.,0.));
#2237=DIRECTION('ref_axis',(1.,0.,0.));
#2238=DIRECTION('',(1.,0.,0.));
#2239=DIRECTION('',(1.,0.,0.));
#2240=DIRECTION('',(0.,0.,1.));
#2241=DIRECTION('center_axis',(-1.,0.,0.));
#2242=DIRECTION('ref_axis',(0.,-1.,0.));
#2243=DIRECTION('',(0.,-1.,0.));
#2244=DIRECTION('',(0.,-1.,0.));
#2245=DIRECTION('center_axis',(0.,0.,1.));
#2246=DIRECTION('ref_axis',(1.,0.,0.));
#2247=DIRECTION('center_axis',(0.,0.,1.));
#2248=DIRECTION('ref_axis',(1.,0.,0.));
#2249=DIRECTION('center_axis',(0.,1.,0.));
#2250=DIRECTION('ref_axis',(-1.,0.,0.));
#2251=DIRECTION('',(-1.,0.,0.));
#2252=DIRECTION('',(0.,0.,1.));
#2253=DIRECTION('',(-1.,0.,0.));
#2254=DIRECTION('',(0.,0.,1.));
#2255=DIRECTION('center_axis',(1.,0.,0.));
#2256=DIRECTION('ref_axis',(0.,1.,0.));
#2257=DIRECTION('',(0.,1.,0.));
#2258=DIRECTION('',(0.,1.,0.));
#2259=DIRECTION('',(0.,0.,1.));
#2260=DIRECTION('center_axis',(0.,-1.,0.));
#2261=DIRECTION('ref_axis',(1.,0.,0.));
#2262=DIRECTION('',(1.,0.,0.));
#2263=DIRECTION('',(1.,0.,0.));
#2264=DIRECTION('',(0.,0.,1.));
#2265=DIRECTION('center_axis',(-1.,0.,0.));
#2266=DIRECTION('ref_axis',(0.,-1.,0.));
#2267=DIRECTION('',(0.,-1.,0.));
#2268=DIRECTION('',(0.,-1.,0.));
#2269=DIRECTION('center_axis',(0.,0.,1.));
#2270=DIRECTION('ref_axis',(1.,0.,0.));
#2271=DIRECTION('center_axis',(0.,0.,1.));
#2272=DIRECTION('ref_axis',(1.,0.,0.));
#2273=DIRECTION('center_axis',(0.,0.,1.));
#2274=DIRECTION('ref_axis',(1.,0.,0.));
#2275=DIRECTION('center_axis',(0.,0.,1.));
#2276=DIRECTION('ref_axis',(1.,0.,0.));
#2277=DIRECTION('',(0.,0.,-1.));
#2278=DIRECTION('center_axis',(0.,0.,1.));
#2279=DIRECTION('ref_axis',(1.,0.,0.));
#2280=DIRECTION('center_axis',(0.,0.,1.));
#2281=DIRECTION('ref_axis',(1.,0.,0.));
#2282=DIRECTION('center_axis',(0.,0.,1.));
#2283=DIRECTION('ref_axis',(1.,0.,0.));
#2284=DIRECTION('center_axis',(0.,1.,0.));
#2285=DIRECTION('ref_axis',(-1.,0.,0.));
#2286=DIRECTION('',(-1.,0.,0.));
#2287=DIRECTION('',(0.,0.,1.));
#2288=DIRECTION('',(-1.,0.,0.));
#2289=DIRECTION('',(0.,0.,1.));
#2290=DIRECTION('center_axis',(1.,0.,0.));
#2291=DIRECTION('ref_axis',(0.,1.,0.));
#2292=DIRECTION('',(0.,1.,0.));
#2293=DIRECTION('',(0.,1.,0.));
#2294=DIRECTION('',(0.,0.,1.));
#2295=DIRECTION('center_axis',(0.,-1.,0.));
#2296=DIRECTION('ref_axis',(1.,0.,0.));
#2297=DIRECTION('',(1.,0.,0.));
#2298=DIRECTION('',(1.,0.,0.));
#2299=DIRECTION('',(0.,0.,1.));
#2300=DIRECTION('center_axis',(-1.,0.,0.));
#2301=DIRECTION('ref_axis',(0.,-1.,0.));
#2302=DIRECTION('',(0.,-1.,0.));
#2303=DIRECTION('',(0.,-1.,0.));
#2304=DIRECTION('center_axis',(0.,0.,1.));
#2305=DIRECTION('ref_axis',(1.,0.,0.));
#2306=DIRECTION('center_axis',(0.,0.,1.));
#2307=DIRECTION('ref_axis',(1.,0.,0.));
#2308=DIRECTION('center_axis',(0.,1.,0.));
#2309=DIRECTION('ref_axis',(-1.,0.,0.));
#2310=DIRECTION('',(-1.,0.,0.));
#2311=DIRECTION('',(0.,0.,1.));
#2312=DIRECTION('',(-1.,0.,0.));
#2313=DIRECTION('',(0.,0.,1.));
#2314=DIRECTION('center_axis',(1.,0.,0.));
#2315=DIRECTION('ref_axis',(0.,1.,0.));
#2316=DIRECTION('',(0.,1.,0.));
#2317=DIRECTION('',(0.,1.,0.));
#2318=DIRECTION('',(0.,0.,1.));
#2319=DIRECTION('center_axis',(0.,-1.,0.));
#2320=DIRECTION('ref_axis',(1.,0.,0.));
#2321=DIRECTION('',(1.,0.,0.));
#2322=DIRECTION('',(1.,0.,0.));
#2323=DIRECTION('',(0.,0.,1.));
#2324=DIRECTION('center_axis',(-1.,0.,0.));
#2325=DIRECTION('ref_axis',(0.,-1.,0.));
#2326=DIRECTION('',(0.,-1.,0.));
#2327=DIRECTION('',(0.,-1.,0.));
#2328=DIRECTION('center_axis',(0.,0.,1.));
#2329=DIRECTION('ref_axis',(1.,0.,0.));
#2330=DIRECTION('center_axis',(0.,0.,1.));
#2331=DIRECTION('ref_axis',(1.,0.,0.));
#2332=DIRECTION('center_axis',(0.,1.,0.));
#2333=DIRECTION('ref_axis',(-1.,0.,0.));
#2334=DIRECTION('',(-1.,0.,0.));
#2335=DIRECTION('',(0.,0.,1.));
#2336=DIRECTION('',(-1.,0.,0.));
#2337=DIRECTION('',(0.,0.,1.));
#2338=DIRECTION('center_axis',(1.,0.,0.));
#2339=DIRECTION('ref_axis',(0.,1.,0.));
#2340=DIRECTION('',(0.,1.,0.));
#2341=DIRECTION('',(0.,1.,0.));
#2342=DIRECTION('',(0.,0.,1.));
#2343=DIRECTION('center_axis',(0.,-1.,0.));
#2344=DIRECTION('ref_axis',(1.,0.,0.));
#2345=DIRECTION('',(1.,0.,0.));
#2346=DIRECTION('',(1.,0.,0.));
#2347=DIRECTION('',(0.,0.,1.));
#2348=DIRECTION('center_axis',(-1.,0.,0.));
#2349=DIRECTION('ref_axis',(0.,-1.,0.));
#2350=DIRECTION('',(0.,-1.,0.));
#2351=DIRECTION('',(0.,-1.,0.));
#2352=DIRECTION('center_axis',(0.,0.,1.));
#2353=DIRECTION('ref_axis',(1.,0.,0.));
#2354=DIRECTION('center_axis',(0.,0.,1.));
#2355=DIRECTION('ref_axis',(1.,0.,0.));
#2356=DIRECTION('center_axis',(0.,1.,0.));
#2357=DIRECTION('ref_axis',(-1.,0.,0.));
#2358=DIRECTION('',(-1.,0.,0.));
#2359=DIRECTION('',(0.,0.,1.));
#2360=DIRECTION('',(-1.,0.,0.));
#2361=DIRECTION('',(0.,0.,1.));
#2362=DIRECTION('center_axis',(1.,0.,0.));
#2363=DIRECTION('ref_axis',(0.,1.,0.));
#2364=DIRECTION('',(0.,1.,0.));
#2365=DIRECTION('',(0.,1.,0.));
#2366=DIRECTION('',(0.,0.,1.));
#2367=DIRECTION('center_axis',(0.,-1.,0.));
#2368=DIRECTION('ref_axis',(1.,0.,0.));
#2369=DIRECTION('',(1.,0.,0.));
#2370=DIRECTION('',(1.,0.,0.));
#2371=DIRECTION('',(0.,0.,1.));
#2372=DIRECTION('center_axis',(-1.,0.,0.));
#2373=DIRECTION('ref_axis',(0.,-1.,0.));
#2374=DIRECTION('',(0.,-1.,0.));
#2375=DIRECTION('',(0.,-1.,0.));
#2376=DIRECTION('center_axis',(0.,0.,1.));
#2377=DIRECTION('ref_axis',(1.,0.,0.));
#2378=DIRECTION('center_axis',(0.,0.,1.));
#2379=DIRECTION('ref_axis',(1.,0.,0.));
#2380=DIRECTION('center_axis',(0.,1.,0.));
#2381=DIRECTION('ref_axis',(-1.,0.,0.));
#2382=DIRECTION('',(-1.,0.,0.));
#2383=DIRECTION('',(0.,0.,1.));
#2384=DIRECTION('',(-1.,0.,0.));
#2385=DIRECTION('',(0.,0.,1.));
#2386=DIRECTION('center_axis',(1.,0.,0.));
#2387=DIRECTION('ref_axis',(0.,1.,0.));
#2388=DIRECTION('',(0.,1.,0.));
#2389=DIRECTION('',(0.,1.,0.));
#2390=DIRECTION('',(0.,0.,1.));
#2391=DIRECTION('center_axis',(0.,-1.,0.));
#2392=DIRECTION('ref_axis',(1.,0.,0.));
#2393=DIRECTION('',(1.,0.,0.));
#2394=DIRECTION('',(1.,0.,0.));
#2395=DIRECTION('',(0.,0.,1.));
#2396=DIRECTION('center_axis',(-1.,0.,0.));
#2397=DIRECTION('ref_axis',(0.,-1.,0.));
#2398=DIRECTION('',(0.,-1.,0.));
#2399=DIRECTION('',(0.,-1.,0.));
#2400=DIRECTION('center_axis',(0.,0.,1.));
#2401=DIRECTION('ref_axis',(1.,0.,0.));
#2402=DIRECTION('center_axis',(0.,0.,1.));
#2403=DIRECTION('ref_axis',(1.,0.,0.));
#2404=DIRECTION('center_axis',(0.,1.,0.));
#2405=DIRECTION('ref_axis',(-1.,0.,0.));
#2406=DIRECTION('',(-1.,0.,0.));
#2407=DIRECTION('',(0.,0.,1.));
#2408=DIRECTION('',(-1.,0.,0.));
#2409=DIRECTION('',(0.,0.,1.));
#2410=DIRECTION('center_axis',(1.,0.,0.));
#2411=DIRECTION('ref_axis',(0.,1.,0.));
#2412=DIRECTION('',(0.,1.,0.));
#2413=DIRECTION('',(0.,1.,0.));
#2414=DIRECTION('',(0.,0.,1.));
#2415=DIRECTION('center_axis',(0.,-1.,0.));
#2416=DIRECTION('ref_axis',(1.,0.,0.));
#2417=DIRECTION('',(1.,0.,0.));
#2418=DIRECTION('',(1.,0.,0.));
#2419=DIRECTION('',(0.,0.,1.));
#2420=DIRECTION('center_axis',(-1.,0.,0.));
#2421=DIRECTION('ref_axis',(0.,-1.,0.));
#2422=DIRECTION('',(0.,-1.,0.));
#2423=DIRECTION('',(0.,-1.,0.));
#2424=DIRECTION('center_axis',(0.,0.,1.));
#2425=DIRECTION('ref_axis',(1.,0.,0.));
#2426=DIRECTION('center_axis',(0.,0.,1.));
#2427=DIRECTION('ref_axis',(1.,0.,0.));
#2428=DIRECTION('center_axis',(0.,1.,0.));
#2429=DIRECTION('ref_axis',(-1.,0.,0.));
#2430=DIRECTION('',(-1.,0.,0.));
#2431=DIRECTION('',(0.,0.,1.));
#2432=DIRECTION('',(-1.,0.,0.));
#2433=DIRECTION('',(0.,0.,1.));
#2434=DIRECTION('center_axis',(1.,0.,0.));
#2435=DIRECTION('ref_axis',(0.,1.,0.));
#2436=DIRECTION('',(0.,1.,0.));
#2437=DIRECTION('',(0.,1.,0.));
#2438=DIRECTION('',(0.,0.,1.));
#2439=DIRECTION('center_axis',(0.,-1.,0.));
#2440=DIRECTION('ref_axis',(1.,0.,0.));
#2441=DIRECTION('',(1.,0.,0.));
#2442=DIRECTION('',(1.,0.,0.));
#2443=DIRECTION('',(0.,0.,1.));
#2444=DIRECTION('center_axis',(-1.,0.,0.));
#2445=DIRECTION('ref_axis',(0.,-1.,0.));
#2446=DIRECTION('',(0.,-1.,0.));
#2447=DIRECTION('',(0.,-1.,0.));
#2448=DIRECTION('center_axis',(0.,0.,1.));
#2449=DIRECTION('ref_axis',(1.,0.,0.));
#2450=DIRECTION('center_axis',(0.,0.,1.));
#2451=DIRECTION('ref_axis',(1.,0.,0.));
#2452=DIRECTION('center_axis',(0.,1.,0.));
#2453=DIRECTION('ref_axis',(-1.,0.,0.));
#2454=DIRECTION('',(-1.,0.,0.));
#2455=DIRECTION('',(0.,0.,1.));
#2456=DIRECTION('',(-1.,0.,0.));
#2457=DIRECTION('',(0.,0.,1.));
#2458=DIRECTION('center_axis',(1.,0.,0.));
#2459=DIRECTION('ref_axis',(0.,1.,0.));
#2460=DIRECTION('',(0.,1.,0.));
#2461=DIRECTION('',(0.,1.,0.));
#2462=DIRECTION('',(0.,0.,1.));
#2463=DIRECTION('center_axis',(0.,-1.,0.));
#2464=DIRECTION('ref_axis',(1.,0.,0.));
#2465=DIRECTION('',(1.,0.,0.));
#2466=DIRECTION('',(1.,0.,0.));
#2467=DIRECTION('',(0.,0.,1.));
#2468=DIRECTION('center_axis',(-1.,0.,0.));
#2469=DIRECTION('ref_axis',(0.,-1.,0.));
#2470=DIRECTION('',(0.,-1.,0.));
#2471=DIRECTION('',(0.,-1.,0.));
#2472=DIRECTION('center_axis',(0.,0.,1.));
#2473=DIRECTION('ref_axis',(1.,0.,0.));
#2474=DIRECTION('center_axis',(0.,0.,1.));
#2475=DIRECTION('ref_axis',(1.,0.,0.));
#2476=DIRECTION('center_axis',(0.,1.,0.));
#2477=DIRECTION('ref_axis',(-1.,0.,0.));
#2478=DIRECTION('',(-1.,0.,0.));
#2479=DIRECTION('',(0.,0.,1.));
#2480=DIRECTION('',(-1.,0.,0.));
#2481=DIRECTION('',(0.,0.,1.));
#2482=DIRECTION('center_axis',(1.,0.,0.));
#2483=DIRECTION('ref_axis',(0.,1.,0.));
#2484=DIRECTION('',(0.,1.,0.));
#2485=DIRECTION('',(0.,1.,0.));
#2486=DIRECTION('',(0.,0.,1.));
#2487=DIRECTION('center_axis',(0.,-1.,0.));
#2488=DIRECTION('ref_axis',(1.,0.,0.));
#2489=DIRECTION('',(1.,0.,0.));
#2490=DIRECTION('',(1.,0.,0.));
#2491=DIRECTION('',(0.,0.,1.));
#2492=DIRECTION('center_axis',(-1.,0.,0.));
#2493=DIRECTION('ref_axis',(0.,-1.,0.));
#2494=DIRECTION('',(0.,-1.,0.));
#2495=DIRECTION('',(0.,-1.,0.));
#2496=DIRECTION('center_axis',(0.,0.,1.));
#2497=DIRECTION('ref_axis',(1.,0.,0.));
#2498=DIRECTION('center_axis',(0.,0.,1.));
#2499=DIRECTION('ref_axis',(1.,0.,0.));
#2500=DIRECTION('center_axis',(0.,1.,0.));
#2501=DIRECTION('ref_axis',(-1.,0.,0.));
#2502=DIRECTION('',(-1.,0.,0.));
#2503=DIRECTION('',(0.,0.,1.));
#2504=DIRECTION('',(-1.,0.,0.));
#2505=DIRECTION('',(0.,0.,1.));
#2506=DIRECTION('center_axis',(1.,0.,0.));
#2507=DIRECTION('ref_axis',(0.,1.,0.));
#2508=DIRECTION('',(0.,1.,0.));
#2509=DIRECTION('',(0.,1.,0.));
#2510=DIRECTION('',(0.,0.,1.));
#2511=DIRECTION('center_axis',(0.,-1.,0.));
#2512=DIRECTION('ref_axis',(1.,0.,0.));
#2513=DIRECTION('',(1.,0.,0.));
#2514=DIRECTION('',(1.,0.,0.));
#2515=DIRECTION('',(0.,0.,1.));
#2516=DIRECTION('center_axis',(-1.,0.,0.));
#2517=DIRECTION('ref_axis',(0.,-1.,0.));
#2518=DIRECTION('',(0.,-1.,0.));
#2519=DIRECTION('',(0.,-1.,0.));
#2520=DIRECTION('center_axis',(0.,0.,1.));
#2521=DIRECTION('ref_axis',(1.,0.,0.));
#2522=DIRECTION('center_axis',(0.,0.,1.));
#2523=DIRECTION('ref_axis',(1.,0.,0.));
#2524=DIRECTION('center_axis',(0.,1.,0.));
#2525=DIRECTION('ref_axis',(-1.,0.,0.));
#2526=DIRECTION('',(-1.,0.,0.));
#2527=DIRECTION('',(0.,0.,1.));
#2528=DIRECTION('',(-1.,0.,0.));
#2529=DIRECTION('',(0.,0.,1.));
#2530=DIRECTION('center_axis',(1.,0.,0.));
#2531=DIRECTION('ref_axis',(0.,1.,0.));
#2532=DIRECTION('',(0.,1.,0.));
#2533=DIRECTION('',(0.,1.,0.));
#2534=DIRECTION('',(0.,0.,1.));
#2535=DIRECTION('center_axis',(0.,-1.,0.));
#2536=DIRECTION('ref_axis',(1.,0.,0.));
#2537=DIRECTION('',(1.,0.,0.));
#2538=DIRECTION('',(1.,0.,0.));
#2539=DIRECTION('',(0.,0.,1.));
#2540=DIRECTION('center_axis',(-1.,0.,0.));
#2541=DIRECTION('ref_axis',(0.,-1.,0.));
#2542=DIRECTION('',(0.,-1.,0.));
#2543=DIRECTION('',(0.,-1.,0.));
#2544=DIRECTION('center_axis',(0.,0.,1.));
#2545=DIRECTION('ref_axis',(1.,0.,0.));
#2546=DIRECTION('center_axis',(0.,0.,1.));
#2547=DIRECTION('ref_axis',(1.,0.,0.));
#2548=DIRECTION('center_axis',(0.,1.,0.));
#2549=DIRECTION('ref_axis',(-1.,0.,0.));
#2550=DIRECTION('',(-1.,0.,0.));
#2551=DIRECTION('',(0.,0.,1.));
#2552=DIRECTION('',(-1.,0.,0.));
#2553=DIRECTION('',(0.,0.,1.));
#2554=DIRECTION('center_axis',(1.,0.,0.));
#2555=DIRECTION('ref_axis',(0.,1.,0.));
#2556=DIRECTION('',(0.,1.,0.));
#2557=DIRECTION('',(0.,1.,0.));
#2558=DIRECTION('',(0.,0.,1.));
#2559=DIRECTION('center_axis',(0.,-1.,0.));
#2560=DIRECTION('ref_axis',(1.,0.,0.));
#2561=DIRECTION('',(1.,0.,0.));
#2562=DIRECTION('',(1.,0.,0.));
#2563=DIRECTION('',(0.,0.,1.));
#2564=DIRECTION('center_axis',(-1.,0.,0.));
#2565=DIRECTION('ref_axis',(0.,-1.,0.));
#2566=DIRECTION('',(0.,-1.,0.));
#2567=DIRECTION('',(0.,-1.,0.));
#2568=DIRECTION('center_axis',(0.,0.,1.));
#2569=DIRECTION('ref_axis',(1.,0.,0.));
#2570=DIRECTION('center_axis',(0.,0.,1.));
#2571=DIRECTION('ref_axis',(1.,0.,0.));
#2572=DIRECTION('center_axis',(0.,1.,0.));
#2573=DIRECTION('ref_axis',(-1.,0.,0.));
#2574=DIRECTION('',(-1.,0.,0.));
#2575=DIRECTION('',(0.,0.,1.));
#2576=DIRECTION('',(-1.,0.,0.));
#2577=DIRECTION('',(0.,0.,1.));
#2578=DIRECTION('center_axis',(1.,0.,0.));
#2579=DIRECTION('ref_axis',(0.,1.,0.));
#2580=DIRECTION('',(0.,1.,0.));
#2581=DIRECTION('',(0.,1.,0.));
#2582=DIRECTION('',(0.,0.,1.));
#2583=DIRECTION('center_axis',(0.,-1.,0.));
#2584=DIRECTION('ref_axis',(1.,0.,0.));
#2585=DIRECTION('',(1.,0.,0.));
#2586=DIRECTION('',(1.,0.,0.));
#2587=DIRECTION('',(0.,0.,1.));
#2588=DIRECTION('center_axis',(-1.,0.,0.));
#2589=DIRECTION('ref_axis',(0.,-1.,0.));
#2590=DIRECTION('',(0.,-1.,0.));
#2591=DIRECTION('',(0.,-1.,0.));
#2592=DIRECTION('center_axis',(0.,0.,1.));
#2593=DIRECTION('ref_axis',(1.,0.,0.));
#2594=DIRECTION('center_axis',(0.,0.,1.));
#2595=DIRECTION('ref_axis',(1.,0.,0.));
#2596=DIRECTION('center_axis',(0.,1.,0.));
#2597=DIRECTION('ref_axis',(-1.,0.,0.));
#2598=DIRECTION('',(-1.,0.,0.));
#2599=DIRECTION('',(0.,0.,1.));
#2600=DIRECTION('',(-1.,0.,0.));
#2601=DIRECTION('',(0.,0.,1.));
#2602=DIRECTION('center_axis',(1.,0.,0.));
#2603=DIRECTION('ref_axis',(0.,1.,0.));
#2604=DIRECTION('',(0.,1.,0.));
#2605=DIRECTION('',(0.,1.,0.));
#2606=DIRECTION('',(0.,0.,1.));
#2607=DIRECTION('center_axis',(0.,-1.,0.));
#2608=DIRECTION('ref_axis',(1.,0.,0.));
#2609=DIRECTION('',(1.,0.,0.));
#2610=DIRECTION('',(1.,0.,0.));
#2611=DIRECTION('',(0.,0.,1.));
#2612=DIRECTION('center_axis',(-1.,0.,0.));
#2613=DIRECTION('ref_axis',(0.,-1.,0.));
#2614=DIRECTION('',(0.,-1.,0.));
#2615=DIRECTION('',(0.,-1.,0.));
#2616=DIRECTION('center_axis',(0.,0.,1.));
#2617=DIRECTION('ref_axis',(1.,0.,0.));
#2618=DIRECTION('center_axis',(0.,0.,1.));
#2619=DIRECTION('ref_axis',(1.,0.,0.));
#2620=DIRECTION('center_axis',(0.,1.,0.));
#2621=DIRECTION('ref_axis',(-1.,0.,0.));
#2622=DIRECTION('',(-1.,0.,0.));
#2623=DIRECTION('',(0.,0.,1.));
#2624=DIRECTION('',(-1.,0.,0.));
#2625=DIRECTION('',(0.,0.,1.));
#2626=DIRECTION('center_axis',(1.,0.,0.));
#2627=DIRECTION('ref_axis',(0.,1.,0.));
#2628=DIRECTION('',(0.,1.,0.));
#2629=DIRECTION('',(0.,1.,0.));
#2630=DIRECTION('',(0.,0.,1.));
#2631=DIRECTION('center_axis',(0.,-1.,0.));
#2632=DIRECTION('ref_axis',(1.,0.,0.));
#2633=DIRECTION('',(1.,0.,0.));
#2634=DIRECTION('',(1.,0.,0.));
#2635=DIRECTION('',(0.,0.,1.));
#2636=DIRECTION('center_axis',(-1.,0.,0.));
#2637=DIRECTION('ref_axis',(0.,-1.,0.));
#2638=DIRECTION('',(0.,-1.,0.));
#2639=DIRECTION('',(0.,-1.,0.));
#2640=DIRECTION('center_axis',(0.,0.,1.));
#2641=DIRECTION('ref_axis',(1.,0.,0.));
#2642=DIRECTION('center_axis',(0.,0.,1.));
#2643=DIRECTION('ref_axis',(1.,0.,0.));
#2644=DIRECTION('center_axis',(0.,1.,0.));
#2645=DIRECTION('ref_axis',(1.,0.,0.));
#2646=DIRECTION('center_axis',(0.,1.,0.));
#2647=DIRECTION('ref_axis',(1.,0.,0.));
#2648=DIRECTION('',(0.,-1.,0.));
#2649=DIRECTION('center_axis',(0.,1.,0.));
#2650=DIRECTION('ref_axis',(1.,0.,0.));
#2651=DIRECTION('center_axis',(0.,1.,0.));
#2652=DIRECTION('ref_axis',(1.,0.,0.));
#2653=DIRECTION('center_axis',(0.,1.,0.));
#2654=DIRECTION('ref_axis',(1.,0.,0.));
#2655=DIRECTION('center_axis',(0.,1.,0.));
#2656=DIRECTION('ref_axis',(1.,0.,0.));
#2657=DIRECTION('center_axis',(0.,1.,0.));
#2658=DIRECTION('ref_axis',(1.,0.,0.));
#2659=DIRECTION('',(0.,-1.,0.));
#2660=DIRECTION('center_axis',(0.,1.,0.));
#2661=DIRECTION('ref_axis',(1.,0.,0.));
#2662=DIRECTION('center_axis',(0.,1.,0.));
#2663=DIRECTION('ref_axis',(1.,0.,0.));
#2664=DIRECTION('center_axis',(0.,1.,0.));
#2665=DIRECTION('ref_axis',(1.,0.,0.));
#2666=CARTESIAN_POINT('',(0.,0.,0.));
#2667=CARTESIAN_POINT('Origin',(400.5,255.,10.));
#2668=CARTESIAN_POINT('',(400.5,255.,10.));
#2669=CARTESIAN_POINT('',(20.,255.,10.));
#2670=CARTESIAN_POINT('',(400.5,255.,10.));
#2671=CARTESIAN_POINT('',(20.,255.,650.));
#2672=CARTESIAN_POINT('',(20.,255.,10.));
#2673=CARTESIAN_POINT('',(400.5,255.,650.));
#2674=CARTESIAN_POINT('',(400.5,255.,650.));
#2675=CARTESIAN_POINT('',(400.5,255.,10.));
#2676=CARTESIAN_POINT('Origin',(400.5,251.,10.));
#2677=CARTESIAN_POINT('',(400.5,251.,10.));
#2678=CARTESIAN_POINT('',(400.5,251.,10.));
#2679=CARTESIAN_POINT('',(400.5,251.,650.));
#2680=CARTESIAN_POINT('',(400.5,251.,650.));
#2681=CARTESIAN_POINT('',(400.5,251.,10.));
#2682=CARTESIAN_POINT('Origin',(20.,251.,10.));
#2683=CARTESIAN_POINT('',(20.,251.,10.));
#2684=CARTESIAN_POINT('',(20.,251.,10.));
#2685=CARTESIAN_POINT('',(20.,251.,650.));
#2686=CARTESIAN_POINT('',(20.,251.,650.));
#2687=CARTESIAN_POINT('',(20.,251.,10.));
#2688=CARTESIAN_POINT('Origin',(20.,255.,10.));
#2689=CARTESIAN_POINT('',(20.,255.,10.));
#2690=CARTESIAN_POINT('',(20.,255.,650.));
#2691=CARTESIAN_POINT('Origin',(210.25,253.,650.));
#2692=CARTESIAN_POINT('Origin',(210.25,253.,10.));
#2693=CARTESIAN_POINT('Origin',(24.,255.,10.));
#2694=CARTESIAN_POINT('',(24.,255.,10.));
#2695=CARTESIAN_POINT('',(20.,255.,10.));
#2696=CARTESIAN_POINT('',(24.,255.,10.));
#2697=CARTESIAN_POINT('',(20.,255.,650.));
#2698=CARTESIAN_POINT('',(20.,255.,10.));
#2699=CARTESIAN_POINT('',(24.,255.,650.));
#2700=CARTESIAN_POINT('',(24.,255.,650.));
#2701=CARTESIAN_POINT('',(24.,255.,10.));
#2702=CARTESIAN_POINT('Origin',(24.,115.,10.));
#2703=CARTESIAN_POINT('',(24.,115.,10.));
#2704=CARTESIAN_POINT('',(24.,115.,10.));
#2705=CARTESIAN_POINT('',(24.,115.,650.));
#2706=CARTESIAN_POINT('',(24.,115.,650.));
#2707=CARTESIAN_POINT('',(24.,115.,10.));
#2708=CARTESIAN_POINT('Origin',(20.,115.,10.));
#2709=CARTESIAN_POINT('',(20.,115.,10.));
#2710=CARTESIAN_POINT('',(20.,115.,10.));
#2711=CARTESIAN_POINT('',(20.,115.,650.));
#2712=CARTESIAN_POINT('',(20.,115.,650.));
#2713=CARTESIAN_POINT('',(20.,115.,10.));
#2714=CARTESIAN_POINT('Origin',(20.,255.,10.));
#2715=CARTESIAN_POINT('',(20.,255.,10.));
#2716=CARTESIAN_POINT('',(20.,255.,650.));
#2717=CARTESIAN_POINT('Origin',(22.,185.,650.));
#2718=CARTESIAN_POINT('Origin',(22.,185.,10.));
#2719=CARTESIAN_POINT('Origin',(400.5,255.,10.));
#2720=CARTESIAN_POINT('',(400.5,255.,10.));
#2721=CARTESIAN_POINT('',(396.5,255.,10.));
#2722=CARTESIAN_POINT('',(400.5,255.,10.));
#2723=CARTESIAN_POINT('',(396.5,255.,650.));
#2724=CARTESIAN_POINT('',(396.5,255.,10.));
#2725=CARTESIAN_POINT('',(400.5,255.,650.));
#2726=CARTESIAN_POINT('',(400.5,255.,650.));
#2727=CARTESIAN_POINT('',(400.5,255.,10.));
#2728=CARTESIAN_POINT('Origin',(400.5,115.,10.));
#2729=CARTESIAN_POINT('',(400.5,115.,10.));
#2730=CARTESIAN_POINT('',(400.5,115.,10.));
#2731=CARTESIAN_POINT('',(400.5,115.,650.));
#2732=CARTESIAN_POINT('',(400.5,115.,650.));
#2733=CARTESIAN_POINT('',(400.5,115.,10.));
#2734=CARTESIAN_POINT('Origin',(396.5,115.,10.));
#2735=CARTESIAN_POINT('',(396.5,115.,10.));
#2736=CARTESIAN_POINT('',(396.5,115.,10.));
#2737=CARTESIAN_POINT('',(396.5,115.,650.));
#2738=CARTESIAN_POINT('',(396.5,115.,650.));
#2739=CARTESIAN_POINT('',(396.5,115.,10.));
#2740=CARTESIAN_POINT('Origin',(396.5,255.,10.));
#2741=CARTESIAN_POINT('',(396.5,255.,10.));
#2742=CARTESIAN_POINT('',(396.5,255.,650.));
#2743=CARTESIAN_POINT('Origin',(398.5,185.,650.));
#2744=CARTESIAN_POINT('Origin',(398.5,185.,10.));
#2745=CARTESIAN_POINT('Origin',(400.5,255.,10.));
#2746=CARTESIAN_POINT('',(400.5,255.,10.));
#2747=CARTESIAN_POINT('',(20.,255.,10.));
#2748=CARTESIAN_POINT('',(400.5,255.,10.));
#2749=CARTESIAN_POINT('',(20.,255.,14.));
#2750=CARTESIAN_POINT('',(20.,255.,10.));
#2751=CARTESIAN_POINT('',(400.5,255.,14.));
#2752=CARTESIAN_POINT('',(400.5,255.,14.));
#2753=CARTESIAN_POINT('',(400.5,255.,10.));
#2754=CARTESIAN_POINT('Origin',(400.5,115.,10.));
#2755=CARTESIAN_POINT('',(400.5,115.,10.));
#2756=CARTESIAN_POINT('',(400.5,115.,10.));
#2757=CARTESIAN_POINT('',(400.5,115.,14.));
#2758=CARTESIAN_POINT('',(400.5,115.,14.));
#2759=CARTESIAN_POINT('',(400.5,115.,10.));
#2760=CARTESIAN_POINT('Origin',(20.,115.,10.));
#2761=CARTESIAN_POINT('',(20.,115.,10.));
#2762=CARTESIAN_POINT('',(20.,115.,10.));
#2763=CARTESIAN_POINT('',(20.,115.,14.));
#2764=CARTESIAN_POINT('',(20.,115.,14.));
#2765=CARTESIAN_POINT('',(20.,115.,10.));
#2766=CARTESIAN_POINT('Origin',(20.,255.,10.));
#2767=CARTESIAN_POINT('',(20.,255.,10.));
#2768=CARTESIAN_POINT('',(20.,255.,14.));
#2769=CARTESIAN_POINT('Origin',(210.25,185.,14.));
#2770=CARTESIAN_POINT('Origin',(210.25,185.,10.));
#2771=CARTESIAN_POINT('Origin',(400.5,255.,646.));
#2772=CARTESIAN_POINT('',(400.5,255.,646.));
#2773=CARTESIAN_POINT('',(20.,255.,646.));
#2774=CARTESIAN_POINT('',(400.5,255.,646.));
#2775=CARTESIAN_POINT('',(20.,255.,650.));
#2776=CARTESIAN_POINT('',(20.,255.,646.));
#2777=CARTESIAN_POINT('',(400.5,255.,650.));
#2778=CARTESIAN_POINT('',(400.5,255.,650.));
#2779=CARTESIAN_POINT('',(400.5,255.,646.));
#2780=CARTESIAN_POINT('Origin',(400.5,115.,646.));
#2781=CARTESIAN_POINT('',(400.5,115.,646.));
#2782=CARTESIAN_POINT('',(400.5,115.,646.));
#2783=CARTESIAN_POINT('',(400.5,115.,650.));
#2784=CARTESIAN_POINT('',(400.5,115.,650.));
#2785=CARTESIAN_POINT('',(400.5,115.,646.));
#2786=CARTESIAN_POINT('Origin',(20.,115.,646.));
#2787=CARTESIAN_POINT('',(20.,115.,646.));
#2788=CARTESIAN_POINT('',(20.,115.,646.));
#2789=CARTESIAN_POINT('',(20.,115.,650.));
#2790=CARTESIAN_POINT('',(20.,115.,650.));
#2791=CARTESIAN_POINT('',(20.,115.,646.));
#2792=CARTESIAN_POINT('Origin',(20.,255.,646.));
#2793=CARTESIAN_POINT('',(20.,255.,646.));
#2794=CARTESIAN_POINT('',(20.,255.,650.));
#2795=CARTESIAN_POINT('Origin',(210.25,185.,650.));
#2796=CARTESIAN_POINT('Origin',(210.25,185.,646.));
#2797=CARTESIAN_POINT('Origin',(200.,240.,20.));
#2798=CARTESIAN_POINT('',(194.,240.,640.));
#2799=CARTESIAN_POINT('Origin',(200.,240.,640.));
#2800=CARTESIAN_POINT('',(194.,240.,20.));
#2801=CARTESIAN_POINT('',(194.,240.,20.));
#2802=CARTESIAN_POINT('Origin',(200.,240.,20.));
#2803=CARTESIAN_POINT('Origin',(200.,240.,640.));
#2804=CARTESIAN_POINT('Origin',(200.,240.,20.));
#2805=CARTESIAN_POINT('Origin',(230.,258.,640.));
#2806=CARTESIAN_POINT('',(230.,258.,640.));
#2807=CARTESIAN_POINT('',(170.,258.,640.));
#2808=CARTESIAN_POINT('',(230.,258.,640.));
#2809=CARTESIAN_POINT('',(170.,258.,700.));
#2810=CARTESIAN_POINT('',(170.,258.,640.));
#2811=CARTESIAN_POINT('',(230.,258.,700.));
#2812=CARTESIAN_POINT('',(230.,258.,700.));
#2813=CARTESIAN_POINT('',(230.,258.,640.));
#2814=CARTESIAN_POINT('Origin',(230.,222.,640.));
#2815=CARTESIAN_POINT('',(230.,222.,640.));
#2816=CARTESIAN_POINT('',(230.,222.,640.));
#2817=CARTESIAN_POINT('',(230.,222.,700.));
#2818=CARTESIAN_POINT('',(230.,222.,700.));
#2819=CARTESIAN_POINT('',(230.,222.,640.));
#2820=CARTESIAN_POINT('Origin',(170.,222.,640.));
#2821=CARTESIAN_POINT('',(170.,222.,640.));
#2822=CARTESIAN_POINT('',(170.,222.,640.));
#2823=CARTESIAN_POINT('',(170.,222.,700.));
#2824=CARTESIAN_POINT('',(170.,222.,700.));
#2825=CARTESIAN_POINT('',(170.,222.,640.));
#2826=CARTESIAN_POINT('Origin',(170.,258.,640.));
#2827=CARTESIAN_POINT('',(170.,258.,640.));
#2828=CARTESIAN_POINT('',(170.,258.,700.));
#2829=CARTESIAN_POINT('Origin',(200.,240.,700.));
#2830=CARTESIAN_POINT('Origin',(200.,240.,640.));
#2831=CARTESIAN_POINT('Origin',(369.5,222.5,640.));
#2832=CARTESIAN_POINT('',(369.5,222.5,640.));
#2833=CARTESIAN_POINT('',(29.,222.5,640.));
#2834=CARTESIAN_POINT('',(369.5,222.5,640.));
#2835=CARTESIAN_POINT('',(29.,222.5,646.));
#2836=CARTESIAN_POINT('',(29.,222.5,640.));
#2837=CARTESIAN_POINT('',(369.5,222.5,646.));
#2838=CARTESIAN_POINT('',(369.5,222.5,646.));
#2839=CARTESIAN_POINT('',(369.5,222.5,640.));
#2840=CARTESIAN_POINT('Origin',(369.5,122.5,640.));
#2841=CARTESIAN_POINT('',(369.5,122.5,640.));
#2842=CARTESIAN_POINT('',(369.5,122.5,640.));
#2843=CARTESIAN_POINT('',(369.5,122.5,646.));
#2844=CARTESIAN_POINT('',(369.5,122.5,646.));
#2845=CARTESIAN_POINT('',(369.5,122.5,640.));
#2846=CARTESIAN_POINT('Origin',(29.,122.5,640.));
#2847=CARTESIAN_POINT('',(29.,122.5,640.));
#2848=CARTESIAN_POINT('',(29.,122.5,640.));
#2849=CARTESIAN_POINT('',(29.,122.5,646.));
#2850=CARTESIAN_POINT('',(29.,122.5,646.));
#2851=CARTESIAN_POINT('',(29.,122.5,640.));
#2852=CARTESIAN_POINT('Origin',(29.,222.5,640.));
#2853=CARTESIAN_POINT('',(29.,222.5,640.));
#2854=CARTESIAN_POINT('',(29.,222.5,646.));
#2855=CARTESIAN_POINT('Origin',(199.25,172.5,646.));
#2856=CARTESIAN_POINT('Origin',(199.25,172.5,640.));
#2857=CARTESIAN_POINT('Origin',(76.,222.5,646.));
#2858=CARTESIAN_POINT('',(76.,222.5,646.));
#2859=CARTESIAN_POINT('',(64.,222.5,646.));
#2860=CARTESIAN_POINT('',(76.,222.5,646.));
#2861=CARTESIAN_POINT('',(64.,222.5,660.));
#2862=CARTESIAN_POINT('',(64.,222.5,646.));
#2863=CARTESIAN_POINT('',(76.,222.5,660.));
#2864=CARTESIAN_POINT('',(76.,222.5,660.));
#2865=CARTESIAN_POINT('',(76.,222.5,646.));
#2866=CARTESIAN_POINT('Origin',(76.,122.5,646.));
#2867=CARTESIAN_POINT('',(76.,122.5,646.));
#2868=CARTESIAN_POINT('',(76.,122.5,646.));
#2869=CARTESIAN_POINT('',(76.,122.5,660.));
#2870=CARTESIAN_POINT('',(76.,122.5,660.));
#2871=CARTESIAN_POINT('',(76.,122.5,646.));
#2872=CARTESIAN_POINT('Origin',(64.,122.5,646.));
#2873=CARTESIAN_POINT('',(64.,122.5,646.));
#2874=CARTESIAN_POINT('',(64.,122.5,646.));
#2875=CARTESIAN_POINT('',(64.,122.5,660.));
#2876=CARTESIAN_POINT('',(64.,122.5,660.));
#2877=CARTESIAN_POINT('',(64.,122.5,646.));
#2878=CARTESIAN_POINT('Origin',(64.,222.5,646.));
#2879=CARTESIAN_POINT('',(64.,222.5,646.));
#2880=CARTESIAN_POINT('',(64.,222.5,660.));
#2881=CARTESIAN_POINT('Origin',(70.,172.5,660.));
#2882=CARTESIAN_POINT('Origin',(70.,172.5,646.));
#2883=CARTESIAN_POINT('Origin',(206.,222.5,646.));
#2884=CARTESIAN_POINT('',(206.,222.5,646.));
#2885=CARTESIAN_POINT('',(194.,222.5,646.));
#2886=CARTESIAN_POINT('',(206.,222.5,646.));
#2887=CARTESIAN_POINT('',(194.,222.5,660.));
#2888=CARTESIAN_POINT('',(194.,222.5,646.));
#2889=CARTESIAN_POINT('',(206.,222.5,660.));
#2890=CARTESIAN_POINT('',(206.,222.5,660.));
#2891=CARTESIAN_POINT('',(206.,222.5,646.));
#2892=CARTESIAN_POINT('Origin',(206.,122.5,646.));
#2893=CARTESIAN_POINT('',(206.,122.5,646.));
#2894=CARTESIAN_POINT('',(206.,122.5,646.));
#2895=CARTESIAN_POINT('',(206.,122.5,660.));
#2896=CARTESIAN_POINT('',(206.,122.5,660.));
#2897=CARTESIAN_POINT('',(206.,122.5,646.));
#2898=CARTESIAN_POINT('Origin',(194.,122.5,646.));
#2899=CARTESIAN_POINT('',(194.,122.5,646.));
#2900=CARTESIAN_POINT('',(194.,122.5,646.));
#2901=CARTESIAN_POINT('',(194.,122.5,660.));
#2902=CARTESIAN_POINT('',(194.,122.5,660.));
#2903=CARTESIAN_POINT('',(194.,122.5,646.));
#2904=CARTESIAN_POINT('Origin',(194.,222.5,646.));
#2905=CARTESIAN_POINT('',(194.,222.5,646.));
#2906=CARTESIAN_POINT('',(194.,222.5,660.));
#2907=CARTESIAN_POINT('Origin',(200.,172.5,660.));
#2908=CARTESIAN_POINT('Origin',(200.,172.5,646.));
#2909=CARTESIAN_POINT('Origin',(336.,222.5,646.));
#2910=CARTESIAN_POINT('',(336.,222.5,646.));
#2911=CARTESIAN_POINT('',(324.,222.5,646.));
#2912=CARTESIAN_POINT('',(336.,222.5,646.));
#2913=CARTESIAN_POINT('',(324.,222.5,660.));
#2914=CARTESIAN_POINT('',(324.,222.5,646.));
#2915=CARTESIAN_POINT('',(336.,222.5,660.));
#2916=CARTESIAN_POINT('',(336.,222.5,660.));
#2917=CARTESIAN_POINT('',(336.,222.5,646.));
#2918=CARTESIAN_POINT('Origin',(336.,122.5,646.));
#2919=CARTESIAN_POINT('',(336.,122.5,646.));
#2920=CARTESIAN_POINT('',(336.,122.5,646.));
#2921=CARTESIAN_POINT('',(336.,122.5,660.));
#2922=CARTESIAN_POINT('',(336.,122.5,660.));
#2923=CARTESIAN_POINT('',(336.,122.5,646.));
#2924=CARTESIAN_POINT('Origin',(324.,122.5,646.));
#2925=CARTESIAN_POINT('',(324.,122.5,646.));
#2926=CARTESIAN_POINT('',(324.,122.5,646.));
#2927=CARTESIAN_POINT('',(324.,122.5,660.));
#2928=CARTESIAN_POINT('',(324.,122.5,660.));
#2929=CARTESIAN_POINT('',(324.,122.5,646.));
#2930=CARTESIAN_POINT('Origin',(324.,222.5,646.));
#2931=CARTESIAN_POINT('',(324.,222.5,646.));
#2932=CARTESIAN_POINT('',(324.,222.5,660.));
#2933=CARTESIAN_POINT('Origin',(330.,172.5,660.));
#2934=CARTESIAN_POINT('Origin',(330.,172.5,646.));
#2935=CARTESIAN_POINT('Origin',(215.,252.,640.));
#2936=CARTESIAN_POINT('',(215.,252.,640.));
#2937=CARTESIAN_POINT('',(185.,252.,640.));
#2938=CARTESIAN_POINT('',(215.,252.,640.));
#2939=CARTESIAN_POINT('',(185.,252.,652.));
#2940=CARTESIAN_POINT('',(185.,252.,640.));
#2941=CARTESIAN_POINT('',(215.,252.,652.));
#2942=CARTESIAN_POINT('',(215.,252.,652.));
#2943=CARTESIAN_POINT('',(215.,252.,640.));
#2944=CARTESIAN_POINT('Origin',(215.,222.5,640.));
#2945=CARTESIAN_POINT('',(215.,222.5,640.));
#2946=CARTESIAN_POINT('',(215.,222.5,640.));
#2947=CARTESIAN_POINT('',(215.,222.5,652.));
#2948=CARTESIAN_POINT('',(215.,222.5,652.));
#2949=CARTESIAN_POINT('',(215.,222.5,640.));
#2950=CARTESIAN_POINT('Origin',(185.,222.5,640.));
#2951=CARTESIAN_POINT('',(185.,222.5,640.));
#2952=CARTESIAN_POINT('',(185.,222.5,640.));
#2953=CARTESIAN_POINT('',(185.,222.5,652.));
#2954=CARTESIAN_POINT('',(185.,222.5,652.));
#2955=CARTESIAN_POINT('',(185.,222.5,640.));
#2956=CARTESIAN_POINT('Origin',(185.,252.,640.));
#2957=CARTESIAN_POINT('',(185.,252.,640.));
#2958=CARTESIAN_POINT('',(185.,252.,652.));
#2959=CARTESIAN_POINT('Origin',(200.,237.25,652.));
#2960=CARTESIAN_POINT('Origin',(200.,237.25,640.));
#2961=CARTESIAN_POINT('Origin',(85.,122.,124.));
#2962=CARTESIAN_POINT('',(85.,122.,124.));
#2963=CARTESIAN_POINT('',(55.,122.,124.));
#2964=CARTESIAN_POINT('',(85.,122.,124.));
#2965=CARTESIAN_POINT('',(55.,122.,154.));
#2966=CARTESIAN_POINT('',(55.,122.,124.));
#2967=CARTESIAN_POINT('',(85.,122.,154.));
#2968=CARTESIAN_POINT('',(85.,122.,154.));
#2969=CARTESIAN_POINT('',(85.,122.,124.));
#2970=CARTESIAN_POINT('Origin',(85.,108.,124.));
#2971=CARTESIAN_POINT('',(85.,108.,124.));
#2972=CARTESIAN_POINT('',(85.,108.,124.));
#2973=CARTESIAN_POINT('',(85.,108.,154.));
#2974=CARTESIAN_POINT('',(85.,108.,154.));
#2975=CARTESIAN_POINT('',(85.,108.,124.));
#2976=CARTESIAN_POINT('Origin',(55.,108.,124.));
#2977=CARTESIAN_POINT('',(55.,108.,124.));
#2978=CARTESIAN_POINT('',(55.,108.,124.));
#2979=CARTESIAN_POINT('',(55.,108.,154.));
#2980=CARTESIAN_POINT('',(55.,108.,154.));
#2981=CARTESIAN_POINT('',(55.,108.,124.));
#2982=CARTESIAN_POINT('Origin',(55.,122.,124.));
#2983=CARTESIAN_POINT('',(55.,122.,124.));
#2984=CARTESIAN_POINT('',(55.,122.,154.));
#2985=CARTESIAN_POINT('Origin',(70.,115.,154.));
#2986=CARTESIAN_POINT('Origin',(70.,115.,124.));
#2987=CARTESIAN_POINT('Origin',(315.,122.,124.));
#2988=CARTESIAN_POINT('',(315.,122.,124.));
#2989=CARTESIAN_POINT('',(285.,122.,124.));
#2990=CARTESIAN_POINT('',(315.,122.,124.));
#2991=CARTESIAN_POINT('',(285.,122.,154.));
#2992=CARTESIAN_POINT('',(285.,122.,124.));
#2993=CARTESIAN_POINT('',(315.,122.,154.));
#2994=CARTESIAN_POINT('',(315.,122.,154.));
#2995=CARTESIAN_POINT('',(315.,122.,124.));
#2996=CARTESIAN_POINT('Origin',(315.,108.,124.));
#2997=CARTESIAN_POINT('',(315.,108.,124.));
#2998=CARTESIAN_POINT('',(315.,108.,124.));
#2999=CARTESIAN_POINT('',(315.,108.,154.));
#3000=CARTESIAN_POINT('',(315.,108.,154.));
#3001=CARTESIAN_POINT('',(315.,108.,124.));
#3002=CARTESIAN_POINT('Origin',(285.,108.,124.));
#3003=CARTESIAN_POINT('',(285.,108.,124.));
#3004=CARTESIAN_POINT('',(285.,108.,124.));
#3005=CARTESIAN_POINT('',(285.,108.,154.));
#3006=CARTESIAN_POINT('',(285.,108.,154.));
#3007=CARTESIAN_POINT('',(285.,108.,124.));
#3008=CARTESIAN_POINT('Origin',(285.,122.,124.));
#3009=CARTESIAN_POINT('',(285.,122.,124.));
#3010=CARTESIAN_POINT('',(285.,122.,154.));
#3011=CARTESIAN_POINT('Origin',(300.,115.,154.));
#3012=CARTESIAN_POINT('Origin',(300.,115.,124.));
#3013=CARTESIAN_POINT('Origin',(375.,112.,26.));
#3014=CARTESIAN_POINT('',(375.,112.,26.));
#3015=CARTESIAN_POINT('',(25.,112.,26.));
#3016=CARTESIAN_POINT('',(375.,112.,26.));
#3017=CARTESIAN_POINT('',(25.,112.,46.));
#3018=CARTESIAN_POINT('',(25.,112.,26.));
#3019=CARTESIAN_POINT('',(375.,112.,46.));
#3020=CARTESIAN_POINT('',(375.,112.,46.));
#3021=CARTESIAN_POINT('',(375.,112.,26.));
#3022=CARTESIAN_POINT('Origin',(375.,106.,26.));
#3023=CARTESIAN_POINT('',(375.,106.,26.));
#3024=CARTESIAN_POINT('',(375.,106.,26.));
#3025=CARTESIAN_POINT('',(375.,106.,46.));
#3026=CARTESIAN_POINT('',(375.,106.,46.));
#3027=CARTESIAN_POINT('',(375.,106.,26.));
#3028=CARTESIAN_POINT('Origin',(25.,106.,26.));
#3029=CARTESIAN_POINT('',(25.,106.,26.));
#3030=CARTESIAN_POINT('',(25.,106.,26.));
#3031=CARTESIAN_POINT('',(25.,106.,46.));
#3032=CARTESIAN_POINT('',(25.,106.,46.));
#3033=CARTESIAN_POINT('',(25.,106.,26.));
#3034=CARTESIAN_POINT('Origin',(25.,112.,26.));
#3035=CARTESIAN_POINT('',(25.,112.,26.));
#3036=CARTESIAN_POINT('',(25.,112.,46.));
#3037=CARTESIAN_POINT('Origin',(200.,109.,46.));
#3038=CARTESIAN_POINT('Origin',(200.,109.,26.));
#3039=CARTESIAN_POINT('Origin',(375.,112.,626.));
#3040=CARTESIAN_POINT('',(375.,112.,626.));
#3041=CARTESIAN_POINT('',(25.,112.,626.));
#3042=CARTESIAN_POINT('',(375.,112.,626.));
#3043=CARTESIAN_POINT('',(25.,112.,646.));
#3044=CARTESIAN_POINT('',(25.,112.,626.));
#3045=CARTESIAN_POINT('',(375.,112.,646.));
#3046=CARTESIAN_POINT('',(375.,112.,646.));
#3047=CARTESIAN_POINT('',(375.,112.,626.));
#3048=CARTESIAN_POINT('Origin',(375.,106.,626.));
#3049=CARTESIAN_POINT('',(375.,106.,626.));
#3050=CARTESIAN_POINT('',(375.,106.,626.));
#3051=CARTESIAN_POINT('',(375.,106.,646.));
#3052=CARTESIAN_POINT('',(375.,106.,646.));
#3053=CARTESIAN_POINT('',(375.,106.,626.));
#3054=CARTESIAN_POINT('Origin',(25.,106.,626.));
#3055=CARTESIAN_POINT('',(25.,106.,626.));
#3056=CARTESIAN_POINT('',(25.,106.,626.));
#3057=CARTESIAN_POINT('',(25.,106.,646.));
#3058=CARTESIAN_POINT('',(25.,106.,646.));
#3059=CARTESIAN_POINT('',(25.,106.,626.));
#3060=CARTESIAN_POINT('Origin',(25.,112.,626.));
#3061=CARTESIAN_POINT('',(25.,112.,626.));
#3062=CARTESIAN_POINT('',(25.,112.,646.));
#3063=CARTESIAN_POINT('Origin',(200.,109.,646.));
#3064=CARTESIAN_POINT('Origin',(200.,109.,626.));
#3065=CARTESIAN_POINT('Origin',(45.,112.,46.));
#3066=CARTESIAN_POINT('',(45.,112.,46.));
#3067=CARTESIAN_POINT('',(25.,112.,46.));
#3068=CARTESIAN_POINT('',(45.,112.,46.));
#3069=CARTESIAN_POINT('',(25.,112.,626.));
#3070=CARTESIAN_POINT('',(25.,112.,46.));
#3071=CARTESIAN_POINT('',(45.,112.,626.));
#3072=CARTESIAN_POINT('',(45.,112.,626.));
#3073=CARTESIAN_POINT('',(45.,112.,46.));
#3074=CARTESIAN_POINT('Origin',(45.,106.,46.));
#3075=CARTESIAN_POINT('',(45.,106.,46.));
#3076=CARTESIAN_POINT('',(45.,106.,46.));
#3077=CARTESIAN_POINT('',(45.,106.,626.));
#3078=CARTESIAN_POINT('',(45.,106.,626.));
#3079=CARTESIAN_POINT('',(45.,106.,46.));
#3080=CARTESIAN_POINT('Origin',(25.,106.,46.));
#3081=CARTESIAN_POINT('',(25.,106.,46.));
#3082=CARTESIAN_POINT('',(25.,106.,46.));
#3083=CARTESIAN_POINT('',(25.,106.,626.));
#3084=CARTESIAN_POINT('',(25.,106.,626.));
#3085=CARTESIAN_POINT('',(25.,106.,46.));
#3086=CARTESIAN_POINT('Origin',(25.,112.,46.));
#3087=CARTESIAN_POINT('',(25.,112.,46.));
#3088=CARTESIAN_POINT('',(25.,112.,626.));
#3089=CARTESIAN_POINT('Origin',(35.,109.,626.));
#3090=CARTESIAN_POINT('Origin',(35.,109.,46.));
#3091=CARTESIAN_POINT('Origin',(375.,112.,46.));
#3092=CARTESIAN_POINT('',(375.,112.,46.));
#3093=CARTESIAN_POINT('',(355.,112.,46.));
#3094=CARTESIAN_POINT('',(375.,112.,46.));
#3095=CARTESIAN_POINT('',(355.,112.,626.));
#3096=CARTESIAN_POINT('',(355.,112.,46.));
#3097=CARTESIAN_POINT('',(375.,112.,626.));
#3098=CARTESIAN_POINT('',(375.,112.,626.));
#3099=CARTESIAN_POINT('',(375.,112.,46.));
#3100=CARTESIAN_POINT('Origin',(375.,106.,46.));
#3101=CARTESIAN_POINT('',(375.,106.,46.));
#3102=CARTESIAN_POINT('',(375.,106.,46.));
#3103=CARTESIAN_POINT('',(375.,106.,626.));
#3104=CARTESIAN_POINT('',(375.,106.,626.));
#3105=CARTESIAN_POINT('',(375.,106.,46.));
#3106=CARTESIAN_POINT('Origin',(355.,106.,46.));
#3107=CARTESIAN_POINT('',(355.,106.,46.));
#3108=CARTESIAN_POINT('',(355.,106.,46.));
#3109=CARTESIAN_POINT('',(355.,106.,626.));
#3110=CARTESIAN_POINT('',(355.,106.,626.));
#3111=CARTESIAN_POINT('',(355.,106.,46.));
#3112=CARTESIAN_POINT('Origin',(355.,112.,46.));
#3113=CARTESIAN_POINT('',(355.,112.,46.));
#3114=CARTESIAN_POINT('',(355.,112.,626.));
#3115=CARTESIAN_POINT('Origin',(365.,109.,626.));
#3116=CARTESIAN_POINT('Origin',(365.,109.,46.));
#3117=CARTESIAN_POINT('Origin',(355.,112.,233.));
#3118=CARTESIAN_POINT('',(355.,112.,233.));
#3119=CARTESIAN_POINT('',(45.,112.,233.));
#3120=CARTESIAN_POINT('',(355.,112.,233.));
#3121=CARTESIAN_POINT('',(45.,112.,253.));
#3122=CARTESIAN_POINT('',(45.,112.,233.));
#3123=CARTESIAN_POINT('',(355.,112.,253.));
#3124=CARTESIAN_POINT('',(355.,112.,253.));
#3125=CARTESIAN_POINT('',(355.,112.,233.));
#3126=CARTESIAN_POINT('Origin',(355.,106.,233.));
#3127=CARTESIAN_POINT('',(355.,106.,233.));
#3128=CARTESIAN_POINT('',(355.,106.,233.));
#3129=CARTESIAN_POINT('',(355.,106.,253.));
#3130=CARTESIAN_POINT('',(355.,106.,253.));
#3131=CARTESIAN_POINT('',(355.,106.,233.));
#3132=CARTESIAN_POINT('Origin',(45.,106.,233.));
#3133=CARTESIAN_POINT('',(45.,106.,233.));
#3134=CARTESIAN_POINT('',(45.,106.,233.));
#3135=CARTESIAN_POINT('',(45.,106.,253.));
#3136=CARTESIAN_POINT('',(45.,106.,253.));
#3137=CARTESIAN_POINT('',(45.,106.,233.));
#3138=CARTESIAN_POINT('Origin',(45.,112.,233.));
#3139=CARTESIAN_POINT('',(45.,112.,233.));
#3140=CARTESIAN_POINT('',(45.,112.,253.));
#3141=CARTESIAN_POINT('Origin',(200.,109.,253.));
#3142=CARTESIAN_POINT('Origin',(200.,109.,233.));
#3143=CARTESIAN_POINT('Origin',(355.,112.,440.));
#3144=CARTESIAN_POINT('',(355.,112.,440.));
#3145=CARTESIAN_POINT('',(45.,112.,440.));
#3146=CARTESIAN_POINT('',(355.,112.,440.));
#3147=CARTESIAN_POINT('',(45.,112.,460.));
#3148=CARTESIAN_POINT('',(45.,112.,440.));
#3149=CARTESIAN_POINT('',(355.,112.,460.));
#3150=CARTESIAN_POINT('',(355.,112.,460.));
#3151=CARTESIAN_POINT('',(355.,112.,440.));
#3152=CARTESIAN_POINT('Origin',(355.,106.,440.));
#3153=CARTESIAN_POINT('',(355.,106.,440.));
#3154=CARTESIAN_POINT('',(355.,106.,440.));
#3155=CARTESIAN_POINT('',(355.,106.,460.));
#3156=CARTESIAN_POINT('',(355.,106.,460.));
#3157=CARTESIAN_POINT('',(355.,106.,440.));
#3158=CARTESIAN_POINT('Origin',(45.,106.,440.));
#3159=CARTESIAN_POINT('',(45.,106.,440.));
#3160=CARTESIAN_POINT('',(45.,106.,440.));
#3161=CARTESIAN_POINT('',(45.,106.,460.));
#3162=CARTESIAN_POINT('',(45.,106.,460.));
#3163=CARTESIAN_POINT('',(45.,106.,440.));
#3164=CARTESIAN_POINT('Origin',(45.,112.,440.));
#3165=CARTESIAN_POINT('',(45.,112.,440.));
#3166=CARTESIAN_POINT('',(45.,112.,460.));
#3167=CARTESIAN_POINT('Origin',(200.,109.,460.));
#3168=CARTESIAN_POINT('Origin',(200.,109.,440.));
#3169=CARTESIAN_POINT('Origin',(220.,106.,320.));
#3170=CARTESIAN_POINT('',(220.,106.,320.));
#3171=CARTESIAN_POINT('',(180.,106.,320.));
#3172=CARTESIAN_POINT('',(220.,106.,320.));
#3173=CARTESIAN_POINT('',(180.,106.,350.));
#3174=CARTESIAN_POINT('',(180.,106.,320.));
#3175=CARTESIAN_POINT('',(220.,106.,350.));
#3176=CARTESIAN_POINT('',(220.,106.,350.));
#3177=CARTESIAN_POINT('',(220.,106.,320.));
#3178=CARTESIAN_POINT('Origin',(220.,92.,320.));
#3179=CARTESIAN_POINT('',(220.,92.,320.));
#3180=CARTESIAN_POINT('',(220.,92.,320.));
#3181=CARTESIAN_POINT('',(220.,92.,350.));
#3182=CARTESIAN_POINT('',(220.,92.,350.));
#3183=CARTESIAN_POINT('',(220.,92.,320.));
#3184=CARTESIAN_POINT('Origin',(180.,92.,320.));
#3185=CARTESIAN_POINT('',(180.,92.,320.));
#3186=CARTESIAN_POINT('',(180.,92.,320.));
#3187=CARTESIAN_POINT('',(180.,92.,350.));
#3188=CARTESIAN_POINT('',(180.,92.,350.));
#3189=CARTESIAN_POINT('',(180.,92.,320.));
#3190=CARTESIAN_POINT('Origin',(180.,106.,320.));
#3191=CARTESIAN_POINT('',(180.,106.,320.));
#3192=CARTESIAN_POINT('',(180.,106.,350.));
#3193=CARTESIAN_POINT('Origin',(200.,99.,350.));
#3194=CARTESIAN_POINT('Origin',(200.,99.,320.));
#3195=CARTESIAN_POINT('Origin',(110.,-120.,330.));
#3196=CARTESIAN_POINT('',(107.,-100.,330.));
#3197=CARTESIAN_POINT('Origin',(110.,-100.,330.));
#3198=CARTESIAN_POINT('',(107.,-120.,330.));
#3199=CARTESIAN_POINT('',(107.,-120.,330.));
#3200=CARTESIAN_POINT('Origin',(110.,-120.,330.));
#3201=CARTESIAN_POINT('Origin',(110.,-100.,330.));
#3202=CARTESIAN_POINT('Origin',(110.,-120.,330.));
#3203=CARTESIAN_POINT('Origin',(290.,-120.,330.));
#3204=CARTESIAN_POINT('',(287.,-100.,330.));
#3205=CARTESIAN_POINT('Origin',(290.,-100.,330.));
#3206=CARTESIAN_POINT('',(287.,-120.,330.));
#3207=CARTESIAN_POINT('',(287.,-120.,330.));
#3208=CARTESIAN_POINT('Origin',(290.,-120.,330.));
#3209=CARTESIAN_POINT('Origin',(290.,-100.,330.));
#3210=CARTESIAN_POINT('Origin',(290.,-120.,330.));
#3211=UNCERTAINTY_MEASURE_WITH_UNIT(LENGTH_MEASURE(0.01),#3215,
'DISTANCE_ACCURACY_VALUE',
'Maximum model space distance between geometric entities at asserted c
onnectivities');
#3212=UNCERTAINTY_MEASURE_WITH_UNIT(LENGTH_MEASURE(0.01),#3215,
'DISTANCE_ACCURACY_VALUE',
'Maximum model space distance between geometric entities at asserted c
onnectivities');
#3213=(
GEOMETRIC_REPRESENTATION_CONTEXT(3)
GLOBAL_UNCERTAINTY_ASSIGNED_CONTEXT((#3211))
GLOBAL_UNIT_ASSIGNED_CONTEXT((#3215,#3217,#3218))
REPRESENTATION_CONTEXT('','3D')
);
#3214=(
GEOMETRIC_REPRESENTATION_CONTEXT(3)
GLOBAL_UNCERTAINTY_ASSIGNED_CONTEXT((#3212))
GLOBAL_UNIT_ASSIGNED_CONTEXT((#3215,#3217,#3218))
REPRESENTATION_CONTEXT('','3D')
);
#3215=(
LENGTH_UNIT()
NAMED_UNIT(*)
SI_UNIT(.MILLI.,.METRE.)
);
#3216=(
LENGTH_UNIT()
NAMED_UNIT(*)
SI_UNIT($,.METRE.)
);
#3217=(
NAMED_UNIT(*)
PLANE_ANGLE_UNIT()
SI_UNIT($,.RADIAN.)
);
#3218=(
NAMED_UNIT(*)
SI_UNIT($,.STERADIAN.)
SOLID_ANGLE_UNIT()
);
#3219=SHAPE_DEFINITION_REPRESENTATION(#3220,#3221);
#3220=PRODUCT_DEFINITION_SHAPE('',$,#3223);
#3221=SHAPE_REPRESENTATION('',(#2015),#3213);
#3222=PRODUCT_DEFINITION_CONTEXT('part definition',#3227,'design');
#3223=PRODUCT_DEFINITION('EMOCD_Magazine_Cassette',
'EMOCD_Magazine_Cassette v1',#3224,#3222);
#3224=PRODUCT_DEFINITION_FORMATION('',$,#3229);
#3225=PRODUCT_RELATED_PRODUCT_CATEGORY('EMOCD_Magazine_Cassette v1',
'EMOCD_Magazine_Cassette v1',(#3229));
#3226=APPLICATION_PROTOCOL_DEFINITION('international standard',
'automotive_design',2009,#3227);
#3227=APPLICATION_CONTEXT(
'Core Data for Automotive Mechanical Design Process');
#3228=PRODUCT_CONTEXT('part definition',#3227,'mechanical');
#3229=PRODUCT('EMOCD_Magazine_Cassette','EMOCD_Magazine_Cassette v1',$,
(#3228));
#3230=PRESENTATION_STYLE_ASSIGNMENT((#3237));
#3231=PRESENTATION_STYLE_ASSIGNMENT((#3238));
#3232=PRESENTATION_STYLE_ASSIGNMENT((#3239));
#3233=PRESENTATION_STYLE_ASSIGNMENT((#3240));
#3234=PRESENTATION_STYLE_ASSIGNMENT((#3241));
#3235=PRESENTATION_STYLE_ASSIGNMENT((#3242));
#3236=PRESENTATION_STYLE_ASSIGNMENT((#3243));
#3237=SURFACE_STYLE_USAGE(.BOTH.,#3244);
#3238=SURFACE_STYLE_USAGE(.BOTH.,#3245);
#3239=SURFACE_STYLE_USAGE(.BOTH.,#3246);
#3240=SURFACE_STYLE_USAGE(.BOTH.,#3247);
#3241=SURFACE_STYLE_USAGE(.BOTH.,#3248);
#3242=SURFACE_STYLE_USAGE(.BOTH.,#3249);
#3243=SURFACE_STYLE_USAGE(.BOTH.,#3250);
#3244=SURFACE_SIDE_STYLE('',(#3251));
#3245=SURFACE_SIDE_STYLE('',(#3252));
#3246=SURFACE_SIDE_STYLE('',(#3253));
#3247=SURFACE_SIDE_STYLE('',(#3254));
#3248=SURFACE_SIDE_STYLE('',(#3255));
#3249=SURFACE_SIDE_STYLE('',(#3256));
#3250=SURFACE_SIDE_STYLE('',(#3257));
#3251=SURFACE_STYLE_FILL_AREA(#3258);
#3252=SURFACE_STYLE_FILL_AREA(#3259);
#3253=SURFACE_STYLE_FILL_AREA(#3260);
#3254=SURFACE_STYLE_FILL_AREA(#3261);
#3255=SURFACE_STYLE_FILL_AREA(#3262);
#3256=SURFACE_STYLE_FILL_AREA(#3263);
#3257=SURFACE_STYLE_FILL_AREA(#3264);
#3258=FILL_AREA_STYLE('Steel - Satin',(#3265));
#3259=FILL_AREA_STYLE('Aluminum - Anodized Glossy (Blue)',(#3266));
#3260=FILL_AREA_STYLE('Stainless Steel - Satin',(#3267));
#3261=FILL_AREA_STYLE('Paint - Enamel Glossy (Dark Grey)',(#3268));
#3262=FILL_AREA_STYLE('Aluminum - Anodized Glossy (Red)',(#3269));
#3263=FILL_AREA_STYLE('Titanium - Polished',(#3270));
#3264=FILL_AREA_STYLE('Paint - Enamel Glossy (Green)',(#3271));
#3265=FILL_AREA_STYLE_COLOUR('Steel - Satin',#3272);
#3266=FILL_AREA_STYLE_COLOUR('Aluminum - Anodized Glossy (Blue)',#3273);
#3267=FILL_AREA_STYLE_COLOUR('Stainless Steel - Satin',#3274);
#3268=FILL_AREA_STYLE_COLOUR('Paint - Enamel Glossy (Dark Grey)',#3275);
#3269=FILL_AREA_STYLE_COLOUR('Aluminum - Anodized Glossy (Red)',#3276);
#3270=FILL_AREA_STYLE_COLOUR('Titanium - Polished',#3277);
#3271=FILL_AREA_STYLE_COLOUR('Paint - Enamel Glossy (Green)',#3278);
#3272=COLOUR_RGB('Steel - Satin',0.627450980392157,0.627450980392157,0.627450980392157);
#3273=COLOUR_RGB('Aluminum - Anodized Glossy (Blue)',0.349019607843137,
0.584313725490196,0.854901960784314);
#3274=COLOUR_RGB('Stainless Steel - Satin',0.796078431372549,0.796078431372549,
0.796078431372549);
#3275=COLOUR_RGB('Paint - Enamel Glossy (Dark Grey)',0.349019607843137,
0.349019607843137,0.349019607843137);
#3276=COLOUR_RGB('Aluminum - Anodized Glossy (Red)',0.854901960784314,0.349019607843137,
0.349019607843137);
#3277=COLOUR_RGB('Titanium - Polished',0.749019607843137,0.729411764705882,
0.701960784313725);
#3278=COLOUR_RGB('Paint - Enamel Glossy (Green)',0.266666666666667,0.588235294117647,
0.282352941176471);
ENDSEC;
END-ISO-10303-21;
